{"stock_name": "BHARTIARTL", "mse": 4.927216529846191, "mae": 1.7413302659988403, "r2": 0.9987257122993469, "actual": [2463.559326171875, 2459.37841796875, 2439.1015625, 2432.12646484375, 2422.818603515625, 2399.667236328125, 2392.642822265625, 2398.772705078125, 2392.912353515625, 2381.135986328125, 2375.562744140625, 2356.927734375, 2371.62841796875, 2382.288818359375, 2389.29248046875, 2393.64794921875, 2405.74267578125, 2410.033203125, 2409.16015625, 2433.905029296875, 2418.972412109375, 2435.3017578125, 2435.35009765625, 2441.845703125, 2420.87109375, 2418.121337890625, 2418.820068359375, 2432.02294921875, 2408.698486328125, 2411.57958984375, 2414.856201171875, 2398.24267578125, 2394.991943359375, 2393.764404296875, 2410.26123046875, 2400.927978515625, 2414.3349609375, 2422.7763671875, 2425.584716796875, 2422.321044921875, 2415.35302734375, 2437.875732421875, 2437.93603515625, 2439.809326171875, 2454.60498046875, 2445.643310546875, 2450.63818359375, 2455.030517578125, 2451.486328125, 2430.3291015625, 2413.3642578125, 2439.9921875, 2447.610595703125, 2448.48974609375, 2416.627685546875, 2422.26806640625, 2419.575439453125, 2415.46044921875, 2407.574462890625, 2417.265380859375, 2430.59033203125, 2429.6494140625, 2436.1240234375, 2431.9638671875, 2421.403076171875, 2427.470947265625, 2427.696044921875, 2410.976806640625, 2420.33642578125, 2425.603271484375, 2434.8974609375, 2435.71826171875, 2445.703125, 2448.680908203125, 2476.677734375, 2478.823974609375, 2460.421630859375, 2460.680419921875, 2464.8388671875, 2467.398681640625, 2464.177001953125, 2455.051513671875, 2465.559326171875, 2477.50927734375, 2477.06103515625, 2465.7314453125, 2449.234619140625, 2446.82421875, 2461.28271484375, 2453.76806640625, 2452.67529296875, 2455.85888671875, 2438.98681640625, 2442.328125, 2456.623291015625, 2478.062744140625, 2467.095703125, 2463.693603515625, 2464.3779296875, 2473.230712890625, 2490.177490234375, 2502.8037109375, 2502.516357421875, 2516.898681640625, 2529.052001953125, 2530.476806640625, 2517.546630859375, 2507.88916015625, 2516.022216796875, 2549.167236328125, 2563.13818359375, 2542.265380859375, 2542.917236328125, 2544.72119140625, 2541.544921875, 2551.26318359375, 2542.0087890625, 2524.8935546875, 2524.543701171875, 2494.76318359375, 2499.247802734375, 2495.175537109375, 2505.297607421875, 2505.22998046875, 2501.97900390625, 2485.973876953125, 2465.41796875, 2469.47705078125, 2489.400390625, 2485.810546875, 2463.550048828125, 2467.305419921875, 2468.2861328125, 2470.841552734375, 2455.2509765625, 2471.05224609375, 2465.736328125, 2464.63232421875, 2461.410400390625, 2435.02880859375, 2468.009521484375, 2462.663818359375, 2448.32421875, 2434.70361328125, 2428.365478515625, 2438.12060546875, 2452.15185546875, 2433.24169921875, 2445.55908203125, 2437.68896484375, 2446.51220703125, 2450.900146484375, 2447.778564453125, 2447.181884765625, 2460.64013671875, 2471.69140625, 2477.722412109375, 2481.6923828125, 2483.502197265625, 2491.3994140625, 2511.0556640625, 2522.8271484375, 2538.95654296875, 2523.64990234375, 2528.236328125, 2533.077392578125, 2511.660400390625, 2521.70556640625, 2527.898681640625, 2517.314453125, 2547.15234375, 2549.9990234375, 2503.617431640625, 2507.5087890625, 2524.19775390625, 2515.264892578125, 2513.91845703125, 2500.85009765625, 2522.4677734375, 2515.803955078125, 2529.430419921875, 2511.04931640625, 2513.390380859375, 2502.832763671875, 2483.9677734375, 2515.886474609375, 2515.85888671875, 2512.16748046875, 2501.537353515625, 2513.671630859375, 2514.297607421875, 2532.436767578125, 2523.98779296875, 2538.420654296875, 2554.043212890625, 2545.823486328125, 2557.13037109375, 2544.87744140625, 2532.935546875, 2517.657958984375, 2520.78857421875, 2520.21630859375, 2531.391357421875, 2505.160400390625, 2497.69091796875, 2473.658203125, 2482.271728515625, 2482.012939453125, 2474.068359375, 2482.701416015625, 2478.296630859375, 2462.47265625, 2473.373046875, 2487.77099609375, 2502.9912109375, 2493.4150390625, 2511.97509765625, 2511.46044921875, 2511.03564453125, 2504.094970703125, 2479.741943359375, 2479.425537109375, 2466.00634765625, 2480.4599609375, 2484.979248046875, 2458.3759765625, 2449.70654296875, 2453.3115234375, 2439.73486328125, 2428.27880859375, 2439.421875, 2443.54443359375, 2441.398681640625, 2446.647216796875, 2429.796142578125, 2408.24560546875, 2399.2373046875, 2400.903076171875, 2375.46484375, 2381.73681640625, 2370.442138671875, 2368.51611328125, 2364.320556640625, 2387.029052734375, 2408.122314453125, 2413.953125, 2410.465576171875, 2425.03173828125, 2411.928466796875, 2399.44921875, 2409.406005859375, 2416.885986328125, 2412.47216796875, 2404.761474609375, 2383.975341796875, 2392.400146484375, 2377.28662109375, 2377.50927734375, 2391.38916015625, 2402.084228515625, 2389.539306640625, 2385.0400390625, 2382.22314453125, 2386.898681640625, 2382.90478515625, 2385.20947265625, 2360.616455078125, 2350.849365234375, 2347.58154296875, 2349.660888671875, 2375.685302734375, 2378.825927734375, 2377.192626953125, 2385.348876953125, 2400.006103515625, 2397.6953125, 2380.247802734375, 2355.307861328125, 2356.310546875, 2325.93603515625, 2334.93603515625, 2329.8818359375, 2332.670166015625, 2312.886474609375, 2317.610107421875, 2327.226318359375, 2308.3154296875, 2311.7470703125, 2336.3505859375, 2327.133056640625, 2335.91357421875, 2346.3662109375, 2355.43505859375, 2357.399169921875, 2358.284912109375, 2361.307373046875, 2346.9189453125, 2351.897216796875, 2377.072998046875, 2358.88916015625, 2333.901123046875, 2330.168212890625, 2315.406982421875, 2323.17822265625, 2333.329833984375, 2318.083251953125, 2311.9150390625, 2309.513427734375, 2292.310791015625, 2309.3291015625, 2318.1513671875, 2331.007568359375, 2344.608154296875, 2349.761474609375, 2356.068115234375, 2368.3330078125, 2368.42333984375, 2351.85888671875, 2344.78466796875, 2347.408447265625, 2367.26611328125, 2382.84326171875, 2374.82568359375, 2387.80419921875, 2398.582763671875, 2389.597412109375, 2393.821533203125, 2388.4931640625, 2389.434326171875, 2393.101806640625, 2396.14404296875, 2376.66845703125, 2361.795166015625, 2366.9384765625, 2380.021484375, 2367.1943359375, 2362.64599609375, 2364.951416015625, 2366.04833984375, 2366.551513671875, 2369.540771484375, 2375.564453125, 2381.072021484375, 2389.378173828125, 2380.54345703125, 2382.847412109375, 2363.677978515625, 2369.235107421875, 2361.365478515625, 2360.03955078125, 2360.48779296875, 2367.9814453125, 2374.6259765625, 2360.464599609375, 2362.496826171875, 2371.126953125, 2396.041015625, 2390.002197265625, 2367.68115234375, 2364.410400390625],