{"stock_name": "HDFCBANK", "mse": 16.520469665527344, "mae": 3.145225763320923, "r2": 0.9993323087692261, "actual": [2424.413818359375, 2417.095703125, 2388.8583984375, 2392.864501953125, 2391.149169921875, 2378.99560546875, 2389.845458984375, 2400.39111328125, 2405.806884765625, 2420.307373046875, 2396.321044921875, 2377.968017578125, 2382.143798828125, 2394.203857421875, 2418.39990234375, 2403.35107421875, 2392.506103515625, 2410.72265625, 2403.031005859375, 2413.85595703125, 2422.07470703125, 2453.089599609375, 2447.179443359375, 2433.650146484375, 2440.09423828125, 2438.726806640625, 2433.95947265625, 2455.387939453125, 2461.887939453125, 2479.545166015625, 2467.48388671875, 2473.01171875, 2488.753173828125, 2484.718017578125, 2462.54638671875, 2469.464599609375, 2452.064208984375, 2435.39306640625, 2443.7763671875, 2428.75146484375, 2427.706787109375, 2441.80712890625, 2433.49267578125, 2445.41064453125, 2434.674560546875, 2444.163818359375, 2433.5, 2444.20068359375, 2467.0068359375, 2462.53125, 2492.353271484375, 2502.7646484375, 2488.5791015625, 2507.76953125, 2499.202880859375, 2515.418212890625, 2508.77294921875, 2482.846923828125, 2496.541259765625, 2498.11669921875, 2521.080078125, 2533.167236328125, 2533.6396484375, 2551.135986328125, 2542.666259765625, 2548.061279296875, 2543.077392578125, 2515.750732421875, 2511.96240234375, 2530.58154296875, 2518.28369140625, 2528.169921875, 2524.035400390625, 2532.296630859375, 2534.257568359375, 2535.13232421875, 2553.484130859375, 2550.685791015625, 2559.16455078125, 2576.689208984375, 2569.2177734375, 2575.534423828125, 2571.7568359375, 2586.417724609375, 2576.371337890625, 2592.5419921875, 2597.25537109375, 2576.6904296875, 2590.946044921875, 2594.141845703125, 2616.853515625, 2619.353759765625, 2637.942626953125, 2662.92333984375, 2654.7548828125, 2670.292724609375, 2677.65576171875, 2664.263427734375, 2668.867919921875, 2666.620849609375, 2646.84033203125, 2650.564453125, 2648.5859375, 2648.711181640625, 2633.701416015625, 2609.8955078125, 2600.6416015625, 2590.754150390625, 2620.356689453125, 2603.778076171875, 2599.681640625, 2615.535888671875, 2630.8203125, 2627.376708984375, 2617.072998046875, 2627.116455078125, 2638.231689453125, 2626.239013671875, 2644.663330078125, 2631.967529296875, 2635.3740234375, 2661.831298828125, 2663.732177734375, 2678.450927734375, 2686.590087890625, 2697.9423828125, 2693.703369140625, 2702.852294921875, 2716.104248046875, 2723.528076171875, 2717.956787109375, 2714.569580078125, 2732.607177734375, 2754.2431640625, 2732.835205078125, 2747.350341796875, 2732.0390625, 2723.14453125, 2728.61669921875, 2719.173828125, 2719.671142578125, 2708.478515625, 2716.7548828125, 2703.787841796875, 2711.7724609375, 2715.089111328125, 2720.465576171875, 2709.620361328125, 2708.423583984375, 2735.729248046875, 2733.492431640625, 2715.83154296875, 2745.5234375, 2772.212158203125, 2754.373779296875, 2744.041015625, 2733.080322265625, 2741.339599609375, 2739.325927734375, 2737.142578125, 2724.37646484375, 2725.65771484375, 2698.2646484375, 2701.234130859375, 2710.447509765625, 2696.562744140625, 2696.31982421875, 2725.2509765625, 2698.66845703125, 2707.639404296875, 2719.334716796875, 2730.92431640625, 2739.37744140625, 2727.72705078125, 2725.712158203125, 2714.05810546875, 2707.1103515625, 2705.3720703125, 2737.6142578125, 2736.18212890625, 2738.16650390625, 2760.792236328125, 2805.551513671875, 2800.412353515625, 2784.68408203125, 2792.109375, 2799.954345703125, 2798.839599609375, 2791.89990234375, 2784.090087890625, 2770.254638671875, 2767.552490234375, 2763.694580078125, 2743.38623046875, 2735.04296875, 2769.3251953125, 2774.39404296875, 2783.041015625, 2777.45068359375, 2768.29345703125, 2791.565673828125, 2762.84228515625, 2789.83251953125, 2782.318603515625, 2777.166748046875, 2763.795166015625, 2768.157470703125, 2774.865234375, 2785.353271484375, 2767.757568359375, 2767.455810546875, 2780.7158203125, 2786.706298828125, 2783.270263671875, 2785.453857421875, 2780.84326171875, 2825.201171875, 2829.540771484375, 2822.141357421875, 2807.244873046875, 2811.23046875, 2820.23876953125, 2836.811279296875, 2846.41552734375, 2856.30615234375, 2855.9189453125, 2855.201416015625, 2833.1767578125, 2822.94384765625, 2837.773681640625, 2864.7744140625, 2874.78759765625, 2846.232666015625, 2817.33935546875, 2815.80078125, 2815.722412109375, 2817.97900390625, 2822.041748046875, 2814.27978515625, 2814.65966796875, 2841.927001953125, 2854.051025390625, 2858.144775390625, 2873.363525390625, 2889.52880859375, 2892.6884765625, 2870.464599609375, 2858.718017578125, 2859.991455078125, 2852.81103515625, 2863.479248046875, 2867.8427734375, 2862.0478515625, 2848.97314453125, 2846.72900390625, 2852.267822265625, 2858.809814453125, 2838.582275390625, 2841.238525390625, 2853.85400390625, 2871.597412109375, 2875.101318359375, 2876.859130859375, 2886.7734375, 2902.940185546875, 2918.781982421875, 2918.796142578125, 2902.27978515625, 2902.769287109375, 2895.9921875, 2884.234130859375, 2863.970947265625, 2883.603515625, 2881.823974609375, 2874.228271484375, 2858.288818359375, 2863.120849609375, 2864.85302734375, 2850.637939453125, 2836.152587890625, 2856.0869140625, 2837.651123046875, 2836.29150390625, 2839.0263671875, 2860.8701171875, 2899.809814453125, 2907.05712890625, 2912.084228515625, 2942.3291015625, 2935.278564453125, 2920.497314453125, 2942.62744140625, 2945.563720703125, 2929.49560546875, 2947.186279296875, 2952.9482421875, 2942.395751953125, 2941.208984375, 2945.091064453125, 2930.391357421875, 2932.883544921875, 2907.369873046875, 2906.74462890625, 2878.582763671875, 2875.859130859375, 2868.114990234375, 2857.32470703125, 2856.208251953125, 2885.756103515625, 2891.028076171875, 2864.448974609375, 2832.432373046875, 2857.177978515625, 2844.568603515625, 2840.911865234375, 2836.77880859375, 2832.20703125, 2827.717041015625, 2805.16015625, 2822.059326171875, 2822.05712890625, 2840.497314453125, 2845.843505859375, 2847.28759765625, 2848.671875, 2832.49951171875, 2815.963623046875, 2813.5849609375, 2821.473388671875, 2841.951904296875, 2835.005615234375, 2841.8955078125, 2843.54833984375, 2839.760986328125, 2859.8154296875, 2855.401123046875, 2853.2744140625, 2839.549072265625, 2821.6201171875, 2823.086669921875, 2817.625244140625, 2826.158447265625, 2809.35693359375, 2816.69677734375, 2822.881103515625, 2802.85107421875, 2802.30517578125, 2823.494140625, 2826.425537109375, 2838.4638671875, 2855.557373046875, 2873.894287109375, 2862.231201171875, 2843.43994140625, 2839.830322265625, 2810.100341796875, 2825.980712890625, 2847.91796875, 2841.718505859375, 2843.935302734375],