{"stock_name": "INFY", "mse": 240.62478637695312, "mae": 12.544270515441895, "r2": 0.9972438812255859, "actual": [19011.037109375, 18953.412109375, 18985.244140625, 19060.796875, 18976.4921875, 19107.36328125, 19081.08203125, 19060.05078125, 19122.203125, 19006.197265625, 19113.267578125, 18990.720703125, 18915.3046875, 18958.73046875, 19173.974609375, 19179.70703125, 19122.724609375, 19107.310546875, 19239.66015625, 19146.369140625, 19224.236328125, 19259.986328125, 19104.630859375, 19112.46484375, 19223.8984375, 19350.685546875, 19104.900390625, 19078.556640625, 19109.1015625, 19270.0859375, 19322.015625, 19308.73828125, 19189.552734375, 19271.990234375, 19252.439453125, 19255.365234375, 19249.984375, 19163.9921875, 19157.888671875, 19073.6171875, 19037.244140625, 19116.080078125, 19206.9765625, 19209.623046875, 19313.001953125, 19425.599609375, 19578.15234375, 19639.548828125, 19631.083984375, 19476.662109375, 19412.986328125, 19486.548828125, 19470.384765625, 19301.01953125, 19231.314453125, 19379.529296875, 19272.83203125, 19354.001953125, 19235.537109375, 19145.990234375, 18982.07421875, 18946.751953125, 18843.04296875, 18839.755859375, 18716.90625, 18619.15234375, 18452.9140625, 18378.541015625, 18393.064453125, 18285.359375, 18329.54296875, 18449.630859375, 18304.0078125, 18434.056640625, 18382.052734375, 18337.396484375, 18231.99609375, 18285.984375, 18363.21875, 18285.818359375, 18344.857421875, 18502.625, 18432.953125, 18520.248046875, 18551.48828125, 18522.439453125, 18598.2265625, 18502.951171875, 18415.470703125, 18512.955078125, 18566.638671875, 18589.3984375, 18669.228515625, 18669.705078125, 18764.697265625, 18743.71484375, 18881.701171875, 19015.947265625, 18926.953125, 18827.052734375, 19005.931640625, 19069.91015625, 19195.287109375, 19334.740234375, 19407.55859375, 19298.373046875, 19341.033203125, 19403.27734375, 19361.302734375, 19197.21484375, 19298.0625, 19413.96484375, 19452.078125, 19534.6640625, 19512.71484375, 19496.939453125, 19456.380859375, 19585.359375, 19564.072265625, 19502.720703125, 19435.318359375, 19303.095703125, 19191.783203125, 19102.73828125, 18957.693359375, 18986.216796875, 18985.509765625, 18946.138671875, 18828.869140625, 18873.1796875, 18933.51953125, 18829.73046875, 18809.119140625, 18890.521484375, 18906.556640625, 18938.427734375, 18833.5703125, 18782.25, 18688.29296875, 18758.83203125, 18867.953125, 18862.654296875, 18804.248046875, 18887.86328125, 18774.091796875, 18809.150390625, 18730.9375, 18567.69921875, 18666.611328125, 18772.15625, 18732.388671875, 18753.908203125, 18717.865234375, 18799.396484375, 18812.04296875, 18815.201171875, 18776.271484375, 18754.888671875, 18887.455078125, 19022.001953125, 18837.978515625, 18807.345703125, 18834.224609375, 18783.755859375, 18849.525390625, 18864.068359375, 18833.66796875, 18739.84375, 18773.171875, 18773.98046875, 18782.314453125, 18775.220703125, 18850.74609375, 18889.517578125, 18764.3125, 18852.8984375, 18813.47265625, 18743.6875, 18882.955078125, 18741.271484375, 18700.7421875, 18844.935546875, 18880.623046875, 18905.845703125, 18890.4296875, 19130.09375, 19182.080078125, 19151.138671875, 19129.2109375, 19083.638671875, 19039.94140625, 18926.060546875, 18885.0859375, 18911.8671875, 19001.16796875, 18830.890625, 18713.90234375, 18710.6328125, 18684.923828125, 18632.740234375, 18598.1015625, 18503.28125, 18527.591796875, 18411.5625, 18517.01171875, 18433.15234375, 18469.91796875, 18662.431640625, 18589.994140625, 18760.84765625, 18756.490234375, 18627.6953125, 18575.765625, 18632.89453125, 18705.986328125, 18648.017578125, 18852.12109375, 18856.99609375, 18901.90234375, 18950.31640625, 18843.66015625, 18922.05078125, 18917.0, 18980.125, 19005.806640625, 18902.626953125, 18845.046875, 18706.029296875, 18843.615234375, 18920.009765625, 18937.619140625, 19095.314453125, 19011.666015625, 18950.9140625, 18951.259765625, 18863.8046875, 18912.427734375, 18863.95703125, 18891.75390625, 18860.279296875, 18921.193359375, 18836.822265625, 18841.322265625, 18747.958984375, 18680.943359375, 18590.603515625, 18488.50390625, 18458.052734375, 18488.42578125, 18522.337890625, 18447.666015625, 18286.099609375, 18315.173828125, 18261.146484375, 18366.052734375, 18414.763671875, 18367.970703125, 18407.3125, 18549.17578125, 18452.615234375, 18456.783203125, 18454.8828125, 18631.50390625, 18615.2734375, 18512.115234375, 18615.1015625, 18708.400390625, 18814.216796875, 18973.283203125, 18985.46875, 19088.767578125, 19194.48828125, 19262.02734375, 19312.85546875, 19267.87109375, 19269.619140625, 19147.40625, 19194.810546875, 19167.15234375, 19064.619140625, 19155.9609375, 18933.54296875, 18944.5859375, 18973.048828125, 18953.521484375, 18951.048828125, 18941.771484375, 18914.16796875, 19059.4921875, 19098.255859375, 19006.205078125, 19081.5, 19062.693359375, 19064.72265625, 19123.919921875, 18989.39453125, 19096.548828125, 18881.3671875, 18801.498046875, 18946.140625, 19162.6875, 19196.21484375, 19312.5703125, 19409.19140625, 19364.68359375, 19430.392578125, 19338.4375, 19368.3046875, 19396.177734375, 19390.201171875, 19325.7578125, 19272.330078125, 19134.65234375, 19005.8515625, 18953.767578125, 18999.095703125, 18992.30078125, 19016.259765625, 19018.87890625, 19086.658203125, 19113.0546875, 18975.37890625, 18883.69921875, 18819.87109375, 18850.408203125, 18800.34765625, 18885.701171875, 18886.25, 18790.712890625, 18735.986328125, 18863.3125, 19046.4609375, 18985.373046875, 18850.92578125, 18890.033203125, 18898.943359375, 18990.978515625, 18963.4453125, 19028.048828125, 19016.849609375, 18903.771484375, 18865.1484375, 18828.341796875, 18942.28515625, 18914.552734375, 18988.943359375, 19045.4765625, 19142.591796875, 19252.064453125, 19168.7890625, 19145.587890625, 19282.935546875, 19145.58984375, 19138.4375, 19199.669921875, 19278.177734375, 19169.703125, 19219.13671875, 19188.8515625, 19118.1171875],