{"stock_name": "LT", "mse": 3.1767611503601074, "mae": 1.4018900394439697, "r2": 0.9992532730102539, "actual": [2321.4658203125, 2315.969482421875, 2321.067138671875, 2318.607666015625, 2308.499267578125, 2304.2177734375, 2325.59716796875, 2330.635498046875, 2358.66943359375, 2348.883544921875, 2344.163818359375, 2357.643798828125, 2357.830322265625, 2349.17236328125, 2364.0546875, 2376.8369140625, 2393.7197265625, 2400.510986328125, 2408.550048828125, 2411.274169921875, 2413.185302734375, 2401.61865234375, 2414.919189453125, 2433.825439453125, 2465.92626953125, 2441.69091796875, 2435.647216796875, 2443.29833984375, 2441.585693359375, 2453.861572265625, 2438.414306640625, 2430.22412109375, 2430.390380859375, 2422.75537109375, 2405.25634765625, 2383.7822265625, 2376.8701171875, 2399.201171875, 2411.22509765625, 2422.109130859375, 2410.56787109375, 2410.711181640625, 2393.74560546875, 2416.9697265625, 2395.009765625, 2411.9765625, 2427.469970703125, 2416.969970703125, 2412.46923828125, 2422.55224609375, 2428.149658203125, 2434.69140625, 2418.005615234375, 2430.115234375, 2448.7509765625, 2443.24365234375, 2451.0634765625, 2430.845703125, 2430.842041015625, 2423.849365234375, 2419.6416015625, 2415.816162109375, 2417.9423828125, 2404.33642578125, 2395.683837890625, 2397.8310546875, 2404.1640625, 2407.4208984375, 2413.712158203125, 2411.998046875, 2418.038818359375, 2410.2236328125, 2398.632080078125, 2389.0205078125, 2379.893798828125, 2366.850341796875, 2363.866943359375, 2382.142822265625, 2380.08544921875, 2371.660888671875, 2370.35498046875, 2363.086181640625, 2354.3525390625, 2341.179931640625, 2339.270263671875, 2326.83544921875, 2329.679931640625, 2319.264404296875, 2326.855224609375, 2327.186767578125, 2324.927734375, 2338.9580078125, 2355.683837890625, 2347.37744140625, 2357.25146484375, 2353.214599609375, 2347.69140625, 2348.09619140625, 2330.25390625, 2319.693359375, 2299.995361328125, 2298.355224609375, 2299.658203125, 2303.47509765625, 2304.179443359375, 2314.85986328125, 2302.16357421875, 2299.7900390625, 2300.889892578125, 2297.5849609375, 2294.37158203125, 2286.505126953125, 2300.38623046875, 2291.14208984375, 2295.2001953125, 2292.15087890625, 2295.488037109375, 2297.8994140625, 2314.323974609375, 2323.2236328125, 2337.09716796875, 2355.190673828125, 2365.773681640625, 2370.21728515625, 2398.04638671875, 2408.06201171875, 2413.505859375, 2409.512939453125, 2398.966064453125, 2401.309814453125, 2413.800537109375, 2436.994140625, 2427.391357421875, 2416.71435546875, 2416.2158203125, 2406.386962890625, 2406.885986328125, 2407.997314453125, 2391.4169921875, 2369.386474609375, 2366.347412109375, 2358.739990234375, 2364.7333984375, 2358.451416015625, 2377.632568359375, 2385.962646484375, 2383.01953125, 2390.59423828125, 2385.901123046875, 2385.3369140625, 2376.7607421875, 2391.915771484375, 2388.46142578125, 2393.311767578125, 2393.688232421875, 2394.358154296875, 2391.370849609375, 2371.992431640625, 2372.924072265625, 2374.488037109375, 2381.5791015625, 2369.8798828125, 2376.129150390625, 2383.314208984375, 2369.302734375, 2368.9462890625, 2362.4091796875, 2376.84765625, 2386.16259765625, 2382.97265625, 2394.142822265625, 2387.599365234375, 2400.546630859375, 2416.615966796875, 2425.656494140625, 2427.888671875, 2444.828369140625, 2463.6767578125, 2468.969482421875, 2474.2060546875, 2462.3037109375, 2486.4912109375, 2496.1552734375, 2506.396484375, 2524.01416015625, 2494.025146484375, 2496.37451171875, 2502.953125, 2525.122802734375, 2522.702880859375, 2542.53662109375, 2535.46728515625, 2541.229736328125, 2524.956298828125, 2515.66455078125, 2522.6884765625, 2526.743408203125, 2529.12255859375, 2527.576416015625, 2544.51708984375, 2545.449951171875, 2527.417724609375, 2509.002685546875, 2501.900634765625, 2501.663330078125, 2487.1533203125, 2483.096923828125, 2488.428955078125, 2488.18115234375, 2500.000244140625, 2496.01806640625, 2490.17041015625, 2473.95458984375, 2478.576904296875, 2468.03271484375, 2452.269287109375, 2443.8447265625, 2431.282958984375, 2448.150390625, 2457.880615234375, 2449.317626953125, 2441.39794921875, 2429.216552734375, 2419.179931640625, 2434.47509765625, 2431.5234375, 2444.06689453125, 2437.1337890625, 2445.104736328125, 2463.473876953125, 2452.40966796875, 2443.72314453125, 2450.226806640625, 2447.937255859375, 2450.471435546875, 2453.80908203125, 2447.635498046875, 2451.619384765625, 2465.968505859375, 2472.244140625, 2445.98046875, 2465.972412109375, 2462.084716796875, 2459.8916015625, 2463.8720703125, 2457.5400390625, 2447.0224609375, 2438.544189453125, 2455.371826171875, 2457.861083984375, 2443.913818359375, 2451.724853515625, 2471.5751953125, 2454.797607421875, 2469.478759765625, 2465.894287109375, 2457.2451171875, 2479.534423828125, 2467.412109375, 2486.925537109375, 2477.720458984375, 2485.605712890625, 2519.880126953125, 2524.73779296875, 2526.267578125, 2514.04345703125, 2507.11279296875, 2501.001220703125, 2481.760498046875, 2477.224853515625, 2478.640380859375, 2485.734375, 2503.964599609375, 2495.76611328125, 2498.3662109375, 2492.6552734375, 2481.280029296875, 2486.678466796875, 2500.73046875, 2475.81005859375, 2476.67529296875, 2493.326416015625, 2511.81884765625, 2513.54345703125, 2517.21484375, 2481.398193359375, 2497.239501953125, 2479.815673828125, 2485.28759765625, 2472.642578125, 2479.993896484375, 2483.845947265625, 2496.897705078125, 2479.381591796875, 2494.17724609375, 2511.13720703125, 2496.382568359375, 2504.7470703125, 2507.936767578125, 2511.57421875, 2501.832763671875, 2494.524658203125, 2487.021484375, 2495.69921875, 2504.136474609375, 2498.938720703125, 2501.3017578125, 2535.919677734375, 2544.58447265625, 2540.707275390625, 2536.6044921875, 2528.155029296875, 2530.1640625, 2530.077880859375, 2522.796875, 2499.897216796875, 2507.403564453125, 2506.438232421875, 2514.590087890625, 2519.844970703125, 2520.544189453125, 2534.36376953125, 2520.12939453125, 2490.81396484375, 2498.7900390625, 2496.63037109375, 2485.70947265625, 2474.63330078125, 2481.828369140625, 2478.236328125, 2453.883544921875, 2444.275146484375, 2435.096923828125, 2451.201416015625, 2462.36572265625, 2469.188232421875, 2450.452880859375, 2441.53759765625, 2444.27294921875, 2431.59521484375, 2416.810791015625, 2420.152099609375, 2398.29638671875, 2407.244873046875, 2383.4580078125, 2365.67724609375, 2365.815673828125, 2360.248291015625, 2371.77685546875, 2374.79931640625, 2372.179443359375, 2358.07275390625, 2349.10107421875, 2354.578369140625, 2363.045166015625, 2367.51171875, 2362.7861328125, 2349.523193359375, 2346.67724609375, 2338.9970703125],