{"stock_name": "SBIN", "mse": 264.6690673828125, "mae": 12.833300590515137, "r2": 0.9991259574890137, "actual": [8730.82421875, 8743.2783203125, 8598.2607421875, 8593.267578125, 8585.712890625, 8569.9541015625, 8567.7470703125, 8535.09765625, 8658.4140625, 8667.919921875, 8665.1103515625, 8721.3994140625, 8767.048828125, 8770.5419921875, 8827.7470703125, 8869.1669921875, 8873.4443359375, 8909.599609375, 8896.3876953125, 8962.689453125, 8942.1865234375, 8943.611328125, 8876.2666015625, 8895.943359375, 8858.8818359375, 8867.837890625, 8885.5537109375, 8844.4638671875, 8819.890625, 8787.8466796875, 8789.3359375, 8693.611328125, 8750.169921875, 8835.205078125, 8924.4072265625, 8965.126953125, 8933.501953125, 8959.8681640625, 9010.345703125, 9092.064453125, 9082.060546875, 9074.04296875, 9123.5693359375, 9149.9404296875, 9163.662109375, 9170.09765625, 9183.1318359375, 9226.5361328125, 9227.4111328125, 9262.30078125, 9266.4677734375, 9328.9814453125, 9446.4296875, 9438.4365234375, 9394.177734375, 9364.560546875, 9269.41796875, 9168.298828125, 9228.6884765625, 9279.796875, 9261.34375, 9218.3076171875, 9240.111328125, 9323.7578125, 9279.2080078125, 9290.583984375, 9286.396484375, 9343.58203125, 9275.587890625, 9375.501953125, 9372.1748046875, 9349.8310546875, 9355.294921875, 9318.5302734375, 9293.546875, 9328.212890625, 9240.296875, 9332.5986328125, 9297.7587890625, 9302.025390625, 9354.5234375, 9335.8271484375, 9379.8837890625, 9458.39453125, 9478.4560546875, 9477.908203125, 9472.6015625, 9470.314453125, 9471.47265625, 9536.4453125, 9597.9833984375, 9528.021484375, 9516.8857421875, 9500.9267578125, 9320.4775390625, 9439.482421875, 9451.208984375, 9470.478515625, 9500.2509765625, 9457.701171875, 9418.19140625, 9462.3056640625, 9595.5087890625, 9578.6103515625, 9482.4677734375, 9508.87890625, 9563.12109375, 9567.345703125, 9511.8037109375, 9525.6484375, 9533.8642578125, 9583.4228515625, 9704.1904296875, 9758.7275390625, 9769.38671875, 9725.130859375, 9739.2041015625, 9725.08203125, 9730.953125, 9756.4970703125, 9776.5400390625, 9796.7978515625, 9851.4287109375, 9873.75, 9892.6982421875, 9879.947265625, 9873.263671875, 9864.1396484375, 9856.4482421875, 9854.0888671875, 9925.40625, 9950.529296875, 9868.935546875, 9884.546875, 9871.802734375, 9944.0517578125, 10006.2138671875, 10025.16015625, 9985.1630859375, 10099.0439453125, 10155.2880859375, 10236.3583984375, 10226.25390625, 10271.3486328125, 10143.724609375, 10136.9833984375, 10108.474609375, 10135.4755859375, 10185.1240234375, 10161.41015625, 10226.6865234375, 10208.7587890625, 10246.7978515625, 10263.439453125, 10294.677734375, 10409.697265625, 10411.3408203125, 10412.8505859375, 10518.0634765625, 10472.623046875, 10467.3720703125, 10495.541015625, 10502.8759765625, 10445.423828125, 10402.8388671875, 10364.2802734375, 10353.76171875, 10341.908203125, 10304.2607421875, 10237.7978515625, 10246.525390625, 10190.7490234375, 10077.244140625, 10024.0390625, 10014.609375, 9914.611328125, 10002.45703125, 9957.9052734375, 9976.5400390625, 9988.765625, 9971.62109375, 10000.931640625, 10047.904296875, 10051.86328125, 10086.390625, 10093.0546875, 10115.5419921875, 10094.6015625, 10100.78125, 10151.7490234375, 10145.357421875, 10191.919921875, 10170.958984375, 10123.58203125, 10156.9404296875, 10105.458984375, 10187.578125, 10194.5517578125, 10225.279296875, 10166.9853515625, 10199.9150390625, 10217.6796875, 10152.3056640625, 10091.6630859375, 10157.5146484375, 10246.0341796875, 10206.22265625, 10150.275390625, 10116.7744140625, 10220.46875, 10251.45703125, 10407.4912109375, 10427.6806640625, 10489.140625, 10557.619140625, 10507.81640625, 10490.25, 10483.8583984375, 10485.7724609375, 10510.7021484375, 10480.3349609375, 10377.78125, 10413.0341796875, 10362.9599609375, 10416.9658203125, 10443.8828125, 10449.0849609375, 10494.9365234375, 10537.0712890625, 10456.8125, 10492.8935546875, 10503.640625, 10476.8291015625, 10489.775390625, 10503.068359375, 10594.30078125, 10603.0244140625, 10559.1240234375, 10512.9775390625, 10507.6494140625, 10563.134765625, 10538.779296875, 10500.615234375, 10458.6787109375, 10463.7939453125, 10490.4228515625, 10435.9189453125, 10429.685546875, 10397.2431640625, 10422.423828125, 10478.466796875, 10390.5849609375, 10439.1318359375, 10398.8740234375, 10336.9189453125, 10333.732421875, 10351.0966796875, 10254.6904296875, 10135.232421875, 10108.474609375, 10104.38671875, 9989.0185546875, 9894.033203125, 9951.3505859375, 9952.6259765625, 9970.201171875, 9984.0966796875, 9944.0703125, 9995.298828125, 9939.5634765625, 9925.6103515625, 9876.107421875, 9834.3076171875, 9946.349609375, 9981.4951171875, 9962.337890625, 9910.947265625, 10034.322265625, 9943.951171875, 9908.5126953125, 9851.1630859375, 9853.4306640625, 9865.6005859375, 9964.1240234375, 9927.6884765625, 9933.837890625, 9933.0966796875, 9921.7607421875, 9863.2001953125, 9798.0244140625, 9790.275390625, 9719.8984375, 9762.9248046875, 9763.55078125, 9842.8203125, 9802.1259765625, 9771.2431640625, 9785.2275390625, 9844.4677734375, 9945.66796875, 10017.447265625, 10158.4931640625, 10145.1904296875, 10250.0634765625, 10292.533203125, 10194.3046875, 10198.85546875, 10302.6826171875, 10290.619140625, 10232.3330078125, 10222.30859375, 10328.75390625, 10397.0966796875, 10426.81640625, 10421.6318359375, 10428.947265625, 10404.7412109375, 10371.568359375, 10382.5283203125, 10386.9140625, 10347.724609375, 10346.876953125, 10330.0107421875, 10315.56640625, 10258.5625, 10262.0087890625, 10266.8173828125, 10317.4638671875, 10405.607421875, 10377.5478515625, 10348.6025390625, 10355.9765625, 10368.349609375, 10323.2783203125, 10354.638671875, 10439.0908203125, 10438.8359375, 10489.615234375, 10572.9296875, 10587.537109375, 10653.6513671875, 10624.8701171875, 10618.2490234375, 10639.8515625, 10532.79296875, 10514.6318359375, 10537.4501953125, 10522.2529296875, 10490.544921875, 10468.0205078125, 10509.8427734375, 10493.390625, 10437.3662109375, 10438.1689453125, 10389.560546875, 10382.576171875, 10380.2216796875, 10384.7890625, 10481.734375, 10491.3759765625],