{"stock_name": "BAJFINANCE", "mse": 28.97040557861328, "mae": 4.487490653991699, "r2": 0.998750627040863, "actual": [6111.720703125, 6127.64111328125, 6116.42529296875, 6109.56689453125, 6131.57470703125, 6067.92333984375, 6080.7421875, 6102.341796875, 6128.1806640625, 6154.67333984375, 6194.5888671875, 6197.13232421875, 6266.55322265625, 6241.427734375, 6248.99267578125, 6219.61865234375, 6239.12841796875, 6287.25537109375, 6251.14501953125, 6270.09130859375, 6276.41357421875, 6242.23388671875, 6205.43896484375, 6219.91650390625, 6184.0234375, 6196.94140625, 6216.80810546875, 6297.64697265625, 6284.84521484375, 6247.48583984375, 6194.91796875, 6213.19189453125, 6215.8994140625, 6188.6884765625, 6151.68505859375, 6129.94482421875, 6197.21484375, 6218.912109375, 6193.11865234375, 6237.50634765625, 6220.560546875, 6273.3134765625, 6331.66943359375, 6327.2294921875, 6346.95654296875, 6328.55908203125, 6307.35888671875, 6287.0947265625, 6280.67431640625, 6231.94140625, 6252.57373046875, 6258.21240234375, 6232.52734375, 6237.16845703125, 6250.7763671875, 6226.73876953125, 6237.69287109375, 6351.42333984375, 6332.41845703125, 6330.443359375, 6361.75048828125, 6345.259765625, 6321.5244140625, 6345.2734375, 6342.92041015625, 6374.044921875, 6358.40087890625, 6367.04052734375, 6350.328125, 6367.52783203125, 6392.68310546875, 6392.9453125, 6405.0703125, 6389.13427734375, 6365.80322265625, 6353.037109375, 6339.66748046875, 6357.65673828125, 6327.53662109375, 6356.67626953125, 6387.6123046875, 6408.64453125, 6400.1748046875, 6375.89599609375, 6333.3916015625, 6300.705078125, 6285.1572265625, 6258.69677734375, 6227.56103515625, 6271.5078125, 6254.375, 6223.98486328125, 6223.01171875, 6257.1611328125, 6333.2041015625, 6378.97607421875, 6328.94775390625, 6307.34765625, 6284.2958984375, 6259.58642578125, 6282.6162109375, 6307.95263671875, 6300.71826171875, 6300.6142578125, 6281.068359375, 6253.38134765625, 6333.05712890625, 6348.0576171875, 6379.74267578125, 6371.7099609375, 6405.65185546875, 6383.59619140625, 6404.12060546875, 6388.0009765625, 6407.74072265625, 6441.74560546875, 6455.41259765625, 6482.845703125, 6505.9580078125, 6517.08837890625, 6489.9970703125, 6467.103515625, 6411.57080078125, 6426.2822265625, 6427.3017578125, 6387.46484375, 6401.388671875, 6406.60498046875, 6409.0791015625, 6349.03125, 6358.12109375, 6382.42724609375, 6317.5693359375, 6304.4462890625, 6299.32470703125, 6277.7177734375, 6299.9150390625, 6303.123046875, 6269.0908203125, 6221.06396484375, 6183.46923828125, 6195.06201171875, 6234.52880859375, 6209.3759765625, 6189.81005859375, 6138.78125, 6152.3212890625, 6155.869140625, 6199.77783203125, 6237.84619140625, 6255.607421875, 6290.51171875, 6256.326171875, 6261.7353515625, 6225.0400390625, 6136.7177734375, 6158.85986328125, 6167.208984375, 6131.69140625, 6174.3818359375, 6145.3671875, 6100.38037109375, 6134.37890625, 6141.66455078125, 6164.86474609375, 6167.66552734375, 6235.31494140625, 6248.3447265625, 6256.396484375, 6221.55419921875, 6231.787109375, 6208.28369140625, 6232.0224609375, 6235.95361328125, 6239.20751953125, 6244.62255859375, 6247.34228515625, 6249.84814453125, 6219.0302734375, 6206.76708984375, 6244.2734375, 6231.81396484375, 6251.146484375, 6202.7607421875, 6202.77734375, 6191.373046875, 6184.78076171875, 6105.5517578125, 6117.39501953125, 6104.732421875, 6111.3740234375, 6080.84375, 6065.4375, 5961.30810546875, 5989.43798828125, 6020.18505859375, 6058.88232421875, 6054.48779296875, 6066.24169921875, 6085.0947265625, 6071.4697265625, 6068.80078125, 6079.06982421875, 6082.51123046875, 6049.615234375, 6023.04345703125, 6063.888671875, 6065.74462890625, 6071.4736328125, 6076.95166015625, 6107.32861328125, 6079.60986328125, 6071.224609375, 6018.568359375, 5990.4169921875, 5985.65087890625, 6020.904296875, 6057.12744140625, 6080.724609375, 6018.36669921875, 6015.79541015625, 5996.5302734375, 6006.533203125, 6006.24365234375, 5979.37548828125, 5965.8583984375, 5983.95166015625, 5996.45166015625, 5975.306640625, 5987.85986328125, 5970.1181640625, 5955.8798828125, 5943.52587890625, 5952.9873046875, 5960.75732421875, 5954.20849609375, 5924.087890625, 5960.40966796875, 5952.3076171875, 5917.70068359375, 5913.1494140625, 5956.15087890625, 5942.58544921875, 5940.7978515625, 5953.49267578125, 5957.3544921875, 5959.935546875, 5967.23876953125, 5960.7939453125, 5917.1162109375, 5929.96484375, 5929.20068359375, 5963.1123046875, 5969.90185546875, 5975.4892578125, 5991.00732421875, 5953.130859375, 5925.50830078125, 5951.3603515625, 5943.7431640625, 5945.11962890625, 5984.5546875, 6015.7685546875, 6040.197265625, 6021.8154296875, 6023.85595703125, 5994.2578125, 5962.8173828125, 5943.056640625, 5871.22802734375, 5902.20361328125, 5921.29833984375, 5980.1953125, 6007.208984375, 6012.61474609375, 6003.87890625, 6035.56005859375, 6077.5390625, 6074.9990234375, 6092.0126953125, 6085.71875, 6079.4091796875, 6071.31689453125, 6069.13330078125, 6108.97509765625, 6095.37890625, 6057.5771484375, 6102.052734375, 6088.73486328125, 6066.2900390625, 6074.3330078125, 6050.8447265625, 6037.95703125, 6018.16162109375, 6036.14453125, 6047.54296875, 6032.8310546875, 6045.140625, 6033.21875, 6011.525390625, 6011.06201171875, 5977.96875, 5933.09228515625, 5927.1103515625, 5904.23779296875, 5856.66796875, 5825.3134765625, 5816.4228515625, 5849.564453125, 5882.9306640625, 5938.5751953125, 5899.06591796875, 5912.7958984375, 5947.76904296875, 5969.75927734375, 5921.77587890625, 5953.15673828125, 6019.01025390625, 5990.97509765625, 5977.01171875, 5996.40625, 5994.068359375, 5995.13330078125, 6061.79931640625, 6090.4365234375, 6105.0595703125, 6120.66650390625, 6138.00634765625, 6118.72998046875, 6110.17919921875, 6090.9404296875, 6120.234375, 6086.48486328125, 6092.30419921875, 6106.8427734375, 6121.72998046875, 6174.1435546875, 6167.72021484375, 6239.91064453125, 6198.32958984375, 6148.34912109375, 6172.55859375, 6239.5859375, 6252.3095703125, 6191.77685546875, 6175.544921875, 6148.00146484375, 6187.779296875, 6215.625, 6246.66845703125, 6318.02880859375, 6258.8955078125, 6280.17822265625, 6327.052734375, 6314.00634765625, 6272.07080078125, 6301.0400390625, 6300.0234375, 6330.10009765625, 6320.4560546875],