{"stock_name": "BAJFINANCE", "mse": 462.2431945800781, "mae": 16.617584228515625, "r2": 0.9969706535339355, "actual": [4822.205078125, 4798.1123046875, 4796.32177734375, 4778.66748046875, 4774.2900390625, 4804.53759765625, 4783.58984375, 4778.373046875, 4772.8056640625, 4758.58203125, 4781.42041015625, 4806.5244140625, 4829.248046875, 4812.966796875, 4851.29150390625, 4819.57763671875, 4785.89892578125, 4801.80615234375, 4749.25732421875, 4748.140625, 4751.3017578125, 4729.54248046875, 4757.4580078125, 4761.83544921875, 4783.82275390625, 4782.11474609375, 4800.60546875, 4819.82275390625, 4836.1337890625, 4816.9189453125, 4805.49658203125, 4741.2060546875, 4727.3154296875, 4730.22412109375, 4743.3447265625, 4747.5556640625, 4751.68212890625, 4742.46435546875, 4693.71240234375, 4712.859375, 4719.6357421875, 4732.7890625, 4719.8291015625, 4706.8046875, 4705.93603515625, 4682.33056640625, 4678.64892578125, 4666.93701171875, 4652.92822265625, 4644.5625, 4649.5634765625, 4669.3134765625, 4669.04931640625, 4665.228515625, 4648.833984375, 4561.33837890625, 4531.5009765625, 4509.4755859375, 4496.22900390625, 4470.8125, 4446.009765625, 4410.56982421875, 4399.23974609375, 4375.2978515625, 4336.68310546875, 4345.232421875, 4355.34326171875, 4356.80810546875, 4340.64208984375, 4293.83740234375, 4278.1708984375, 4301.9599609375, 4327.13720703125, 4323.69970703125, 4325.259765625, 4315.77783203125, 4299.54052734375, 4299.87890625, 4288.89013671875, 4297.87646484375, 4311.322265625, 4301.71533203125, 4319.21240234375, 4320.291015625, 4316.65185546875, 4305.0419921875, 4293.6240234375, 4321.13427734375, 4363.705078125, 4362.1884765625, 4379.58642578125, 4393.56005859375, 4415.43115234375, 4423.96240234375, 4422.810546875, 4428.642578125, 4431.06591796875, 4425.146484375, 4414.49755859375, 4396.80224609375, 4410.51025390625, 4408.36572265625, 4390.03515625, 4393.125, 4400.03076171875, 4422.71484375, 4457.83251953125, 4477.3134765625, 4436.5771484375, 4456.703125, 4450.7041015625, 4434.75, 4448.021484375, 4472.1337890625, 4507.92138671875, 4500.60986328125, 4493.65087890625, 4497.42724609375, 4504.53662109375, 4533.2041015625, 4511.23388671875, 4509.61767578125, 4500.1044921875, 4498.32470703125, 4465.0009765625, 4483.62353515625, 4430.1875, 4445.5966796875, 4486.6884765625, 4473.70166015625, 4486.60693359375, 4530.46142578125, 4543.65771484375, 4554.1376953125, 4555.46533203125, 4556.189453125, 4542.78173828125, 4538.2197265625, 4518.45068359375, 4532.076171875, 4513.185546875, 4509.83544921875, 4504.892578125, 4502.65283203125, 4486.18603515625, 4484.7744140625, 4476.15380859375, 4462.16943359375, 4448.08544921875, 4442.279296875, 4435.40087890625, 4431.634765625, 4425.4716796875, 4394.271484375, 4364.884765625, 4332.39794921875, 4325.49365234375, 4310.208984375, 4297.82861328125, 4346.2041015625, 4377.18994140625, 4333.09912109375, 4332.38623046875, 4330.4892578125, 4351.68994140625, 4327.65087890625, 4363.0185546875, 4340.7646484375, 4320.5810546875, 4276.7197265625, 4270.4033203125, 4277.2890625, 4264.65087890625, 4281.1552734375, 4295.03125, 4244.7197265625, 4233.96728515625, 4241.9833984375, 4283.986328125, 4295.2529296875, 4328.8046875, 4309.6962890625, 4311.99267578125, 4329.37158203125, 4323.3837890625, 4263.681640625, 4257.48291015625, 4235.37890625, 4202.69091796875, 4214.9033203125, 4197.99609375, 4199.91015625, 4202.34912109375, 4228.21826171875, 4236.841796875, 4247.17529296875, 4266.83642578125, 4229.55078125, 4221.71435546875, 4212.16455078125, 4223.57666015625, 4203.74462890625, 4177.71337890625, 4182.19091796875, 4144.61865234375, 4156.8359375, 4162.82763671875, 4158.10546875, 4137.83984375, 4121.89697265625, 4107.119140625, 4076.6259765625, 4030.244873046875, 4006.654541015625, 4001.813232421875, 3987.96484375, 3994.43310546875, 3996.488525390625, 3997.07373046875, 4008.36669921875, 3994.368896484375, 3996.90380859375, 4016.08056640625, 3997.78662109375, 4046.039794921875, 4036.4404296875, 4053.082763671875, 4011.574951171875, 4007.9169921875, 3991.84912109375, 3966.213134765625, 3955.383056640625, 3962.381591796875, 3914.31640625, 3902.172119140625, 3868.292236328125, 3820.1162109375, 3838.5986328125, 3851.68798828125, 3840.33740234375, 3846.109130859375, 3838.242919921875, 3831.712646484375, 3796.73388671875, 3774.123046875, 3769.31982421875, 3788.757568359375, 3748.41162109375, 3756.88916015625, 3749.227294921875, 3756.712158203125, 3762.08837890625, 3766.766845703125, 3765.692138671875, 3774.87255859375, 3781.72802734375, 3768.748779296875, 3755.687744140625, 3774.91552734375, 3764.23876953125, 3774.439208984375, 3765.5185546875, 3761.76171875, 3749.873046875, 3738.33837890625, 3723.12353515625, 3747.115234375, 3752.66943359375, 3730.189453125, 3707.643310546875, 3725.804931640625, 3731.884521484375, 3730.966552734375, 3710.234375, 3706.623779296875, 3701.4794921875, 3688.23486328125, 3691.200927734375, 3667.6533203125, 3689.625, 3673.081787109375, 3668.481201171875, 3663.225341796875, 3662.87890625, 3667.134033203125, 3672.15576171875, 3671.45556640625, 3691.8974609375, 3685.572265625, 3703.340576171875, 3708.30029296875, 3710.20166015625, 3702.18310546875, 3692.301025390625, 3681.5322265625, 3689.81396484375, 3685.39306640625, 3656.205322265625, 3669.080078125, 3652.960693359375, 3659.07763671875, 3646.57861328125, 3650.618408203125, 3653.47119140625, 3645.28857421875, 3649.579345703125, 3659.4189453125, 3665.87109375, 3654.01953125, 3660.414306640625, 3668.95751953125, 3667.779296875, 3656.7314453125, 3646.87939453125, 3638.208740234375, 3612.413330078125, 3612.42822265625, 3618.718505859375, 3627.4912109375, 3640.241455078125, 3655.838134765625, 3658.01953125, 3654.858642578125, 3690.533447265625, 3672.646484375, 3658.55712890625, 3677.561279296875, 3646.71337890625, 3649.279052734375, 3646.545166015625, 3657.9375, 3663.19091796875, 3688.4345703125, 3677.925048828125, 3689.1962890625, 3694.68798828125, 3681.510498046875, 3672.4140625, 3685.38330078125, 3680.2978515625, 3658.617431640625, 3693.1611328125, 3695.96826171875, 3710.5068359375, 3701.857177734375, 3701.947998046875, 3723.9033203125, 3725.791748046875, 3716.2900390625, 3707.75390625, 3683.724609375, 3683.3076171875, 3650.932861328125, 3684.468017578125, 3680.37060546875, 3693.65185546875, 3678.971923828125, 3661.136962890625, 3654.9541015625, 3673.32666015625],