{"stock_name": "BHARTIARTL", "mse": 450.8301696777344, "mae": 16.152536392211914, "r2": 0.9693731665611267, "actual": [6962.986328125, 7013.556640625, 7012.044921875, 7010.650390625, 7019.88330078125, 6984.56640625, 6941.578125, 6914.158203125, 6901.1494140625, 6877.0830078125, 6849.20361328125, 6813.9228515625, 6814.666015625, 6810.48486328125, 6811.5283203125, 6811.73974609375, 6706.93505859375, 6674.33935546875, 6696.31689453125, 6701.96435546875, 6703.197265625, 6685.701171875, 6595.72412109375, 6597.42236328125, 6557.87158203125, 6590.810546875, 6623.25390625, 6596.6982421875, 6628.63232421875, 6654.3916015625, 6672.314453125, 6671.45068359375, 6645.00732421875, 6682.462890625, 6649.33544921875, 6697.56494140625, 6625.4833984375, 6648.921875, 6701.97900390625, 6721.59619140625, 6703.53173828125, 6694.1103515625, 6698.158203125, 6691.45751953125, 6723.08642578125, 6772.814453125, 6751.24658203125, 6762.47509765625, 6771.65771484375, 6744.0732421875, 6749.71728515625, 6745.650390625, 6747.86083984375, 6748.46142578125, 6808.63427734375, 6840.73681640625, 6816.42578125, 6736.60107421875, 6736.7509765625, 6763.39892578125, 6796.08349609375, 6785.462890625, 6826.4033203125, 6888.17041015625, 6918.6962890625, 6985.00732421875, 7013.8447265625, 6990.390625, 6985.0556640625, 7047.58203125, 7047.6748046875, 7003.73974609375, 6987.8173828125, 7048.2568359375, 7015.23681640625, 7019.09814453125, 6976.54638671875, 7011.0380859375, 7010.83544921875, 6990.583984375, 6966.35693359375, 6945.7685546875, 6932.58203125, 6863.26025390625, 6902.0048828125, 6912.13623046875, 6980.541015625, 6922.9833984375, 6903.45263671875, 6926.5859375, 6953.62548828125, 7005.048828125, 6987.08740234375, 6964.66064453125, 6957.63037109375, 6907.36865234375, 6880.09716796875, 6943.03955078125, 6896.2685546875, 6896.3369140625, 6913.86962890625, 6944.05322265625, 6908.7470703125, 6865.45458984375, 6878.60693359375, 6913.09326171875, 6902.0068359375, 6877.64453125, 6898.6708984375, 6903.8330078125, 6898.20263671875, 6894.208984375, 6880.0458984375, 6891.91552734375, 6876.83984375, 6875.94140625, 6850.40478515625, 6825.3203125, 6816.89404296875, 6819.07958984375, 6811.607421875, 6862.044921875, 6915.375, 6937.45263671875, 6917.1376953125, 6920.2783203125, 6936.90283203125, 7001.556640625, 6954.99609375, 6962.16796875, 6940.45556640625, 6954.28662109375, 6892.05859375, 6910.84423828125, 6904.701171875, 6859.4345703125, 6936.83837890625, 6951.4189453125, 6924.31494140625, 6930.48388671875, 6938.50830078125, 6935.39501953125, 6972.259765625, 7059.68115234375, 7034.38623046875, 7041.19580078125, 7075.12353515625, 7006.85791015625, 6989.30126953125, 6962.166015625, 7013.23974609375, 6987.85595703125, 6974.6533203125, 6946.3935546875, 6979.79150390625, 6938.8037109375, 6989.587890625, 6971.8291015625, 6949.57080078125, 7000.03173828125, 7045.5380859375, 7007.3955078125, 6998.611328125, 6977.42724609375, 6997.009765625, 7009.94287109375, 7018.94384765625, 7006.3896484375, 6992.78466796875, 7036.97509765625, 7001.8974609375, 7005.58447265625, 6948.7802734375, 6929.86181640625, 6946.1337890625, 6953.33935546875, 6956.201171875, 6955.67529296875, 6962.97998046875, 6960.02783203125, 6961.81005859375, 6954.3583984375, 6928.02099609375, 6978.45166015625, 6959.3994140625, 6932.73583984375, 6963.0947265625, 6911.7763671875, 6956.4990234375, 6970.48828125, 6997.77587890625, 7004.716796875, 7057.51904296875, 7079.38916015625, 7046.12939453125, 6994.7978515625, 6946.244140625, 6910.935546875, 6926.01611328125, 6937.51318359375, 6958.84814453125, 7012.84423828125, 6964.03125, 6916.85302734375, 6921.25732421875, 6923.11474609375, 6922.09423828125, 6918.130859375, 6919.2890625, 6886.44775390625, 6931.794921875, 6960.67578125, 6954.48486328125, 6973.44482421875, 7011.701171875, 6988.28759765625, 7012.56884765625, 7038.947265625, 7036.4951171875, 7014.60595703125, 7021.78466796875, 7074.57470703125, 7028.1318359375, 7033.08349609375, 7058.3212890625, 7056.05712890625, 7052.693359375, 7098.142578125, 7080.99560546875, 7097.19873046875, 7041.193359375, 7012.07177734375, 6998.84814453125, 6990.5751953125, 6953.89111328125, 6979.083984375, 7014.146484375, 7025.16845703125, 7046.09765625, 7039.33349609375, 7052.2763671875, 7023.00927734375, 6993.19677734375, 6870.85791015625, 6875.38525390625, 6904.29736328125, 6868.70751953125, 6874.8388671875, 6915.2392578125, 6948.85693359375, 6890.1220703125, 6924.67333984375, 6917.9404296875, 6932.826171875, 6874.50830078125, 6937.13134765625, 6915.451171875, 6941.18212890625, 6955.19580078125, 6931.6181640625, 6910.150390625, 6930.44091796875, 6883.9677734375, 6882.7001953125, 6875.12939453125, 6836.8505859375, 6882.5927734375, 6888.2763671875, 6881.79736328125, 6919.36279296875, 6913.1513671875, 6882.6904296875, 6866.35107421875, 6886.65869140625, 6933.734375, 6954.115234375, 6957.2548828125, 6985.85546875, 6981.5400390625, 6987.0029296875, 7012.99755859375, 6947.66748046875, 7035.27587890625, 7011.1943359375, 7015.3359375, 6989.8759765625, 6975.2744140625, 7014.29931640625, 7041.4970703125, 7011.98583984375, 7024.220703125, 7084.98681640625, 7103.59033203125, 7071.748046875, 7029.30712890625, 7036.634765625, 7007.30859375, 7001.00341796875, 6952.32177734375, 6897.7041015625, 6848.7392578125, 6875.7880859375, 6948.498046875, 6983.44384765625, 6985.6826171875, 6964.22265625, 6968.99658203125, 7021.07373046875, 7005.9462890625, 7002.1162109375, 6985.7998046875, 6978.90673828125, 6928.78173828125, 6937.0068359375, 6921.28369140625, 6928.3603515625, 6862.5341796875, 6831.8505859375, 6801.4228515625, 6825.47314453125, 6896.9140625, 6794.25439453125, 6727.8857421875, 6711.43603515625, 6716.00048828125, 6713.9267578125, 6711.6455078125, 6713.2001953125, 6699.00634765625, 6700.1962890625, 6703.81103515625, 6734.73046875, 6695.517578125, 6634.44921875, 6624.22802734375, 6633.1845703125, 6632.1982421875, 6667.13330078125, 6651.75048828125, 6656.55615234375, 6647.5654296875, 6668.087890625, 6674.18701171875, 6672.18701171875, 6679.7841796875, 6732.75537109375, 6739.31591796875, 6736.7568359375, 6714.5556640625, 6700.19775390625, 6717.1005859375, 6720.275390625, 6785.5078125, 6831.17041015625, 6855.73388671875, 6843.3681640625, 6819.62646484375, 6874.06298828125, 6861.79541015625, 6868.09130859375],