{"stock_name": "HDFCBANK", "mse": 55694.5390625, "mae": 189.44544982910156, "r2": 0.997082531452179, "actual": [68951.09375, 68855.625, 69001.171875, 69022.484375, 68905.078125, 69358.5859375, 68885.5546875, 68560.921875, 68432.2421875, 68669.6875, 68806.875, 68925.6015625, 68692.2421875, 68593.5703125, 68791.9453125, 69214.21875, 68472.9140625, 68322.8125, 68147.34375, 68091.734375, 68577.8671875, 67920.3671875, 68104.9453125, 67814.984375, 68207.203125, 68311.6484375, 68766.453125, 69458.1640625, 69226.40625, 69130.8359375, 68663.9765625, 68257.9765625, 67916.9453125, 68181.1875, 67646.2578125, 67163.5078125, 66984.0234375, 67178.7734375, 66779.9609375, 67162.6953125, 66969.71875, 66922.296875, 67642.8359375, 68162.8515625, 67832.609375, 66976.9296875, 66992.265625, 67012.8125, 67150.5703125, 67061.0546875, 67497.5234375, 67848.1171875, 68033.6953125, 68140.8515625, 68610.46875, 68469.46875, 67863.7890625, 67443.8671875, 67803.265625, 67629.0234375, 67478.328125, 67549.9296875, 67013.265625, 66899.3671875, 67384.59375, 67245.6640625, 66864.09375, 66536.6328125, 66400.140625, 66246.8671875, 66453.65625, 66065.828125, 66512.2109375, 66864.734375, 67078.34375, 67123.796875, 67331.4609375, 67101.9765625, 66835.3125, 66993.59375, 67054.4453125, 67057.9921875, 67138.640625, 66380.1171875, 66411.0546875, 66266.796875, 65993.296875, 65932.5859375, 65975.140625, 66111.5703125, 66206.421875, 66074.2890625, 66043.4375, 66362.3515625, 66541.6640625, 66762.6328125, 67131.609375, 66891.0703125, 67153.25, 67188.8203125, 67187.7421875, 67097.8203125, 67008.203125, 66626.171875, 66242.578125, 65994.8203125, 65406.53125, 65724.375, 65533.56640625, 65578.4921875, 64966.1171875, 65042.72265625, 65255.0234375, 65620.8984375, 65572.640625, 65973.703125, 65877.8984375, 65603.4453125, 65680.75, 65538.40625, 65032.66796875, 65069.203125, 65115.359375, 65069.66796875, 64985.1328125, 64801.34765625, 64649.9921875, 64309.23828125, 63697.6640625, 63702.71484375, 63842.9609375, 63807.0546875, 63792.51953125, 64028.94140625, 64870.921875, 64859.234375, 64531.42578125, 64356.33203125, 64703.99609375, 64989.6328125, 64437.76171875, 64572.328125, 64481.68359375, 64405.1953125, 64737.32421875, 64862.78125, 64417.96484375, 64370.19921875, 64067.84765625, 64220.5703125, 64277.59765625, 64304.3203125, 63919.2890625, 64144.62890625, 63915.859375, 64022.23046875, 63728.16796875, 63599.71484375, 63667.82421875, 63286.61328125, 63166.421875, 62565.80078125, 62301.296875, 62203.97265625, 62117.1796875, 61768.07421875, 61698.78125, 61630.6796875, 61588.13671875, 62127.77734375, 62109.6328125, 62263.0859375, 62292.44140625, 62408.4765625, 62269.5546875, 62380.94921875, 62728.3046875, 62677.80078125, 62682.671875, 62703.98828125, 63406.359375, 63480.94921875, 63409.75390625, 62851.2421875, 62663.56640625, 62375.66796875, 62452.9140625, 62473.0546875, 62078.4453125, 62308.55859375, 62228.97265625, 62133.67578125, 61761.05859375, 61565.359375, 61732.703125, 62200.15234375, 61719.7421875, 61258.8359375, 60773.65625, 60673.28125, 60669.78515625, 60512.15234375, 60800.421875, 60671.22265625, 60703.91796875, 60476.12890625, 60394.75390625, 60571.48046875, 60728.0234375, 60796.5859375, 61039.16015625, 61095.91015625, 60981.51171875, 60595.125, 59834.890625, 59635.484375, 59843.671875, 59604.84765625, 59960.52734375, 60159.30078125, 60479.99609375, 60135.03515625, 60449.09375, 60260.25390625, 60139.46875, 60094.61328125, 59807.1640625, 59820.33984375, 60203.0078125, 59919.59765625, 59568.8046875, 59507.8828125, 59697.109375, 59444.50390625, 58870.94921875, 59303.80859375, 58884.37890625, 59103.09765625, 58877.734375, 59291.22265625, 59076.25390625, 59431.0234375, 59147.57421875, 58725.25, 58891.703125, 58704.31640625, 58781.35546875, 58857.34765625, 58488.203125, 58122.36328125, 58348.62890625, 58540.35546875, 58787.65625, 59100.62109375, 58555.44921875, 58601.71875, 59008.9921875, 59044.4140625, 59179.1953125, 58888.30859375, 58761.015625, 58425.55078125, 58841.8671875, 58833.7890625, 58985.08984375, 58329.890625, 58299.05078125, 59000.4609375, 59158.125, 59158.484375, 59708.95703125, 59198.7421875, 58797.68359375, 58629.125, 58271.9765625, 58469.1328125, 58406.5078125, 58212.1171875, 58187.515625, 58409.38671875, 58253.62890625, 58470.2734375, 58442.45703125, 58709.4375, 58395.3515625, 57460.1953125, 57209.54296875, 57294.3671875, 57105.171875, 57189.48828125, 57692.83203125, 57983.140625, 58046.66015625, 57918.02734375, 57345.7421875, 57161.828125, 57181.328125, 56734.19140625, 56627.1875, 56784.69140625, 56965.8125, 57185.19921875, 57227.77734375, 57130.66015625, 57587.05078125, 57347.41796875, 57265.6328125, 56896.38671875, 56836.2890625, 57013.9375, 56932.875, 56857.05078125, 56632.25390625, 56486.23046875, 56708.23046875, 56605.66796875, 56564.92578125, 56993.98828125, 56782.87109375, 56858.5390625, 56905.89453125, 56406.73046875, 56736.91796875, 56933.79296875, 57020.359375, 56539.66015625, 56542.44140625, 56668.5859375, 56066.578125, 56102.44921875, 55894.00390625, 56088.984375, 56081.41796875, 55769.01171875, 55760.9296875, 55502.6328125, 55037.91015625, 54760.1796875, 54433.4765625, 54907.9296875, 54776.80859375, 54885.84375, 54729.91015625, 54984.18359375, 55242.00390625, 54926.46484375, 54788.44921875, 54603.359375, 54591.9765625, 54902.15234375, 55372.15234375, 55522.5390625, 55367.50390625, 55234.515625, 55223.82421875, 55726.88671875, 55674.078125, 56058.69140625, 56171.953125, 55627.49609375],