{"stock_name": "ICICIBANK", "mse": 30295.396484375, "mae": 135.7415313720703, "r2": 0.9931742548942566, "actual": [51004.375, 50993.58984375, 51036.171875, 50853.0, 50672.77734375, 50837.12109375, 50669.7578125, 51027.8046875, 50723.80859375, 50560.31640625, 50490.7578125, 50641.01953125, 50533.9609375, 50483.17578125, 50686.99609375, 50831.8359375, 51331.3828125, 51164.47265625, 50653.57421875, 50314.8828125, 50648.98046875, 50485.3203125, 50696.703125, 50808.0546875, 50889.79296875, 51108.52734375, 51368.3515625, 51503.6953125, 51204.6484375, 51043.7734375, 51109.86328125, 50764.9296875, 50240.69140625, 49841.85546875, 49904.60546875, 49839.44921875, 50427.18359375, 50201.14453125, 50019.28515625, 49547.546875, 49614.01171875, 49495.8203125, 49559.4375, 49810.69921875, 49548.734375, 49555.984375, 49426.671875, 49379.33203125, 49589.72265625, 49745.7109375, 49816.0546875, 49950.1171875, 49972.328125, 50536.12890625, 50582.60546875, 50933.609375, 51046.89453125, 50812.11328125, 51117.79296875, 50926.359375, 51432.3671875, 51935.76953125, 51823.71875, 51572.20703125, 51293.765625, 51186.60546875, 51354.28515625, 51410.70703125, 51636.203125, 51479.44140625, 51068.3125, 50655.9453125, 50749.75, 50326.203125, 50459.17578125, 50241.46875, 50152.734375, 49952.8671875, 49763.79296875, 49708.16796875, 50002.828125, 50216.2421875, 50307.15234375, 50173.90625, 50092.0078125, 49947.97265625, 50095.94140625, 50329.40625, 49885.51953125, 50403.42578125, 50300.35546875, 50539.80078125, 50358.8828125, 50643.56640625, 50394.9296875, 50623.9765625, 50210.0859375, 50586.52734375, 50409.7421875, 50192.28125, 50444.30859375, 49959.06640625, 49824.2109375, 49259.34765625, 49400.40234375, 49493.78125, 49245.84375, 49610.69140625, 49588.5, 49678.47265625, 49773.96875, 49528.84375, 49617.9765625, 49657.01171875, 49856.453125, 50469.01171875, 50530.515625, 50381.54296875, 50192.3984375, 49900.66796875, 49933.5, 49799.59375, 50258.4609375, 50606.00390625, 50606.5390625, 50732.06640625, 50528.0, 50253.1484375, 50268.0546875, 49970.9609375, 49706.66796875, 49722.2109375, 49528.5234375, 49937.6640625, 49660.85546875, 49620.4765625, 49636.578125, 49514.7890625, 49339.9453125, 49169.3125, 49690.53515625, 49536.8359375, 49279.35546875, 49345.94140625, 48828.73828125, 48836.44921875, 48701.0234375, 48270.61328125, 48394.125, 48313.2265625, 48245.828125, 47842.2265625, 47590.671875, 47781.22265625, 47892.3046875, 47507.87890625, 47461.95703125, 47365.49609375, 47333.66796875, 47208.0390625, 47370.72265625, 47485.76953125, 46845.00390625, 47074.37109375, 46953.875, 47035.9921875, 46962.46484375, 46949.0, 46797.44921875, 46831.609375, 47014.82421875, 47097.7890625, 47409.125, 46989.578125, 46686.28515625, 46668.41796875, 46387.6171875, 46486.90234375, 46483.6796875, 46418.32421875, 46600.28515625, 46742.24609375, 46403.9609375, 45880.98046875, 46228.6953125, 46170.2421875, 46434.296875, 46591.98828125, 46434.4375, 46348.62890625, 46595.4375, 46695.89453125, 46398.60546875, 46362.73828125, 46290.59765625, 46290.421875, 46321.65234375, 46349.95703125, 46043.23046875, 46116.53515625, 46016.48046875, 45931.37890625, 45801.23828125, 46129.7578125, 46041.00390625, 45900.75, 45793.2421875, 45651.1484375, 45531.94921875, 45359.8359375, 45665.52734375, 45739.18359375, 45941.25390625, 45735.76171875, 45518.140625, 45501.625, 45370.00390625, 45368.828125, 45136.14453125, 45040.328125, 45141.3359375, 45318.98828125, 45287.70703125, 45081.38671875, 45477.890625, 45102.24609375, 44982.75390625, 45200.88671875, 44977.6484375, 45112.76953125, 45175.296875, 45245.16796875, 45369.1171875, 45406.16796875, 45786.6875, 45437.7890625, 45762.12109375, 45633.7109375, 45662.71875, 45657.61328125, 45765.4765625, 45850.1484375, 45467.80078125, 45884.64453125, 45633.2265625, 45724.3828125, 45716.0625, 45702.67578125, 45297.828125, 45443.91796875, 45329.62890625, 45388.484375, 45536.7421875, 45538.71875, 45440.8046875, 45534.375, 45487.13671875, 45534.8046875, 45700.609375, 45567.71484375, 45874.2109375, 46148.49609375, 46496.16796875, 46725.3515625, 46471.15625, 46399.86328125, 46542.53515625, 46518.48828125, 46172.3203125, 46253.21484375, 46080.79296875, 45796.33203125, 45725.25390625, 45419.55859375, 45435.53515625, 45605.3125, 46029.12890625, 46239.3046875, 45889.59765625, 45509.45703125, 45738.859375, 45373.08984375, 45573.46484375, 45666.5, 46074.8671875, 46062.44921875, 46190.25390625, 46353.37109375, 46434.1015625, 47025.23828125, 46731.34375, 47050.62109375, 47243.265625, 47439.73046875, 47036.15234375, 46958.41796875, 46999.640625, 46856.8359375, 46904.5, 46687.515625, 46687.75390625, 46990.0625, 46776.30078125, 46991.97265625, 46681.73046875, 46720.53515625, 46702.1328125, 46478.32421875, 46699.59375, 46837.85546875, 47205.64453125, 47321.171875, 47136.5859375, 46992.01171875, 46593.44921875, 46516.73828125, 46396.578125, 46127.875, 46162.86328125, 46037.375, 46039.51953125, 45772.14453125, 45593.51171875, 45762.7578125, 45944.5625, 45762.2421875, 45646.32421875, 45851.3125, 46078.62109375, 46204.33203125, 46173.140625, 46000.3984375, 46032.390625, 46168.4453125, 46141.48046875, 45923.9140625, 45871.42578125, 45746.28515625, 45714.7734375, 46086.10546875, 46284.38671875, 46264.64453125, 46066.04296875, 46251.0078125, 46327.76171875, 46139.32421875, 46422.9609375, 46390.93359375, 46347.41015625, 45939.97265625, 46155.0703125, 46228.5234375, 45959.328125, 45995.30859375, 46371.29296875, 46449.36328125, 46073.5859375, 46028.0703125, 46189.3984375, 46153.5390625],