{"stock_name": "ICICIBANK", "mse": 3.1972765922546387, "mae": 1.4450188875198364, "r2": 0.9995819330215454, "actual": [3515.470947265625, 3525.791015625, 3559.7021484375, 3556.697998046875, 3537.073486328125, 3528.28759765625, 3521.278076171875, 3497.615478515625, 3500.551025390625, 3463.602783203125, 3489.3994140625, 3473.573974609375, 3495.90380859375, 3514.2421875, 3518.597412109375, 3501.969482421875, 3489.930908203125, 3477.943115234375, 3482.531494140625, 3451.822509765625, 3466.579833984375, 3467.271240234375, 3490.970703125, 3464.0126953125, 3451.520263671875, 3432.365234375, 3440.3125, 3455.963623046875, 3482.336669921875, 3462.0595703125, 3487.498291015625, 3480.1875, 3477.870361328125, 3463.137451171875, 3452.803466796875, 3430.2763671875, 3409.826904296875, 3443.355712890625, 3409.894287109375, 3447.829833984375, 3458.622802734375, 3441.23291015625, 3407.217529296875, 3396.478271484375, 3398.5224609375, 3377.12060546875, 3387.3837890625, 3391.54541015625, 3351.77685546875, 3323.4765625, 3343.696044921875, 3362.286865234375, 3338.07861328125, 3349.7138671875, 3317.664306640625, 3298.8828125, 3329.364501953125, 3311.134033203125, 3288.521728515625, 3287.88330078125, 3283.547119140625, 3272.530517578125, 3292.214599609375, 3321.04541015625, 3315.038330078125, 3324.410400390625, 3327.010986328125, 3298.6689453125, 3310.058349609375, 3305.753173828125, 3291.806884765625, 3297.458740234375, 3298.901123046875, 3273.44873046875, 3283.31103515625, 3313.760498046875, 3298.69580078125, 3274.951904296875, 3284.390380859375, 3293.7314453125, 3280.79052734375, 3264.430908203125, 3282.16748046875, 3281.19091796875, 3279.0947265625, 3298.72314453125, 3306.164794921875, 3281.614501953125, 3285.2978515625, 3280.830078125, 3293.193603515625, 3279.655029296875, 3293.305419921875, 3291.416748046875, 3287.69384765625, 3270.0322265625, 3243.07177734375, 3245.2275390625, 3263.81640625, 3258.019775390625, 3261.736572265625, 3279.594970703125, 3292.557373046875, 3303.801513671875, 3314.23828125, 3327.565673828125, 3303.85595703125, 3309.369873046875, 3294.1220703125, 3293.851318359375, 3291.40771484375, 3310.367919921875, 3318.904541015625, 3317.5419921875, 3334.447509765625, 3343.5009765625, 3333.463623046875, 3368.126708984375, 3376.524169921875, 3356.10595703125, 3339.634033203125, 3346.54833984375, 3338.672119140625, 3354.015380859375, 3355.40771484375, 3345.251708984375, 3359.527099609375, 3386.59716796875, 3404.228759765625, 3391.4365234375, 3396.3994140625, 3378.285400390625, 3362.91552734375, 3366.648681640625, 3355.2490234375, 3336.928955078125, 3340.484375, 3325.757568359375, 3310.5400390625, 3311.3193359375, 3306.81103515625, 3328.614013671875, 3358.609619140625, 3337.69677734375, 3322.63671875, 3312.81005859375, 3313.000732421875, 3314.947509765625, 3300.735107421875, 3319.5498046875, 3318.573974609375, 3304.913330078125, 3311.375732421875, 3328.166748046875, 3331.563232421875, 3342.7021484375, 3336.475830078125, 3338.203369140625, 3351.1416015625, 3361.760009765625, 3369.18359375, 3368.545654296875, 3363.2734375, 3357.926025390625, 3357.861083984375, 3335.86279296875, 3345.4453125, 3351.24462890625, 3328.08642578125, 3335.5400390625, 3353.803955078125, 3347.044921875, 3344.055908203125, 3351.2294921875, 3367.3466796875, 3358.68505859375, 3323.54736328125, 3297.24267578125, 3299.57861328125, 3293.48876953125, 3301.98486328125, 3290.037841796875, 3299.605712890625, 3315.3125, 3297.40625, 3325.255126953125, 3303.11669921875, 3309.22802734375, 3242.296875, 3236.55615234375, 3238.609619140625, 3232.9482421875, 3220.100830078125, 3201.955810546875, 3218.929931640625, 3229.28955078125, 3231.096923828125, 3244.546875, 3237.02978515625, 3202.7724609375, 3194.96533203125, 3176.8623046875, 3142.59912109375, 3154.76220703125, 3156.396484375, 3136.654296875, 3169.60205078125, 3171.9599609375, 3171.895751953125, 3195.859619140625, 3217.31787109375, 3247.57861328125, 3257.917724609375, 3253.73828125, 3255.77001953125, 3256.7939453125, 3278.596923828125, 3317.308349609375, 3330.623291015625, 3321.796875, 3328.918701171875, 3344.576171875, 3344.75732421875, 3332.46728515625, 3338.489501953125, 3368.553955078125, 3335.782470703125, 3335.2822265625, 3306.740478515625, 3294.095947265625, 3268.773193359375, 3291.5693359375, 3305.7744140625, 3252.97412109375, 3273.83349609375, 3279.144775390625, 3252.47412109375, 3227.034912109375, 3232.05712890625, 3238.76806640625, 3266.086669921875, 3247.1904296875, 3239.21044921875, 3219.824462890625, 3220.47021484375, 3233.015869140625, 3175.554931640625, 3193.935546875, 3177.158447265625, 3217.72998046875, 3209.96240234375, 3210.856689453125, 3229.391357421875, 3208.764404296875, 3215.567138671875, 3217.363037109375, 3215.54296875, 3202.468994140625, 3219.580078125, 3239.427001953125, 3274.189453125, 3262.462646484375, 3249.0283203125, 3240.047119140625, 3227.1494140625, 3214.828125, 3231.706298828125, 3236.309814453125, 3250.7646484375, 3234.97119140625, 3237.100341796875, 3241.37646484375, 3244.8544921875, 3265.8955078125, 3257.205078125, 3258.844970703125, 3267.257080078125, 3254.07080078125, 3259.13134765625, 3237.350830078125, 3251.349609375, 3262.049560546875, 3245.15380859375, 3232.267578125, 3198.72705078125, 3187.60791015625, 3188.488037109375, 3221.29052734375, 3222.398681640625, 3227.8125, 3226.179443359375, 3216.63671875, 3193.462158203125, 3191.628662109375, 3182.947509765625, 3178.400634765625, 3162.996826171875, 3149.170654296875, 3162.58642578125, 3171.237060546875, 3153.15869140625, 3166.286865234375, 3180.03662109375, 3169.6064453125, 3174.707275390625, 3177.28466796875, 3208.057861328125, 3211.126953125, 3199.248046875, 3206.30029296875, 3217.18701171875, 3209.012451171875, 3233.6259765625, 3252.25244140625, 3234.81787109375, 3212.68994140625, 3237.30908203125, 3223.400146484375, 3216.623779296875, 3214.143310546875, 3218.2451171875, 3252.839111328125, 3288.585693359375, 3286.55029296875, 3267.412109375, 3247.68603515625, 3261.915283203125, 3254.602783203125, 3265.909423828125, 3248.8994140625, 3243.435302734375, 3248.744384765625, 3266.470703125, 3254.225830078125, 3283.9658203125, 3297.6669921875, 3292.33251953125, 3303.57177734375, 3302.241455078125, 3279.72998046875, 3276.384033203125, 3257.806884765625, 3272.677490234375, 3260.0859375, 3253.9931640625, 3238.374755859375, 3239.175048828125, 3214.332763671875, 3208.6025390625, 3178.87060546875, 3187.98388671875, 3202.552734375, 3178.99462890625, 3164.8291015625, 3178.618408203125, 3155.4091796875, 3172.975341796875, 3217.435302734375, 3213.627685546875, 3217.50439453125],