{"stock_name": "INFY", "mse": 2531.85009765625, "mae": 38.42475891113281, "r2": 0.9900409579277039, "actual": [14845.833984375, 14869.1494140625, 14889.439453125, 14944.5595703125, 14960.4287109375, 15001.578125, 15092.2666015625, 15007.3359375, 14902.7216796875, 14918.181640625, 15012.1796875, 15009.46484375, 15042.6865234375, 15068.81640625, 15050.162109375, 15027.267578125, 15039.330078125, 15071.25, 15115.6796875, 15123.919921875, 15164.8623046875, 15178.7958984375, 15318.98046875, 15397.9541015625, 15303.5302734375, 15211.8779296875, 15193.638671875, 15390.2802734375, 15496.2939453125, 15512.6767578125, 15360.615234375, 15382.12890625, 15347.4716796875, 15287.3408203125, 15290.7275390625, 15295.37109375, 15388.9453125, 15419.2783203125, 15524.2001953125, 15606.84375, 15716.5556640625, 15756.568359375, 15720.115234375, 15776.57421875, 15791.4716796875, 15861.42578125, 15790.3798828125, 15594.7646484375, 15657.0, 15582.0166015625, 15625.55859375, 15666.10546875, 15657.111328125, 15647.529296875, 15661.1123046875, 15579.794921875, 15762.931640625, 15582.96484375, 15714.462890625, 15652.9541015625, 15654.5390625, 15753.39453125, 15837.189453125, 15755.3818359375, 15731.0615234375, 15502.279296875, 15744.947265625, 15779.052734375, 15683.4658203125, 15870.71875, 15923.3603515625, 15937.4248046875, 15904.19921875, 15848.1005859375, 15764.1015625, 15812.44921875, 15846.3056640625, 15815.48046875, 15868.2900390625, 15921.3974609375, 15941.517578125, 16071.693359375, 16023.28125, 16111.1845703125, 16099.0634765625, 16067.080078125, 15984.0107421875, 16034.49609375, 15964.7421875, 15891.099609375, 15962.1435546875, 15952.6181640625, 16109.85546875, 16118.2255859375, 16232.849609375, 16268.75390625, 16200.9580078125, 16153.447265625, 16160.1689453125, 16285.060546875, 16118.3427734375, 16067.759765625, 16067.8515625, 15897.77734375, 15861.009765625, 15819.6162109375, 15746.517578125, 15741.138671875, 15807.771484375, 15866.703125, 15852.8505859375, 15825.3759765625, 15856.70703125, 15763.19140625, 15716.1318359375, 15741.0986328125, 15679.705078125, 15715.931640625, 15653.5732421875, 15755.169921875, 15849.2880859375, 15775.904296875, 15739.5400390625, 15846.7998046875, 15835.6806640625, 15796.3486328125, 15710.396484375, 15564.5205078125, 15749.71875, 15837.3583984375, 15737.1865234375, 15912.1787109375, 15993.2255859375, 16049.6875, 16051.0595703125, 16094.3203125, 15990.84765625, 16018.439453125, 16206.0205078125, 16286.3076171875, 16374.306640625, 16391.92578125, 16347.4951171875, 16301.6494140625, 16205.0322265625, 16145.27734375, 16021.64453125, 15967.06640625, 16063.876953125, 15961.732421875, 15995.3623046875, 16004.076171875, 16093.4912109375, 16084.380859375, 16119.3759765625, 16134.640625, 16153.955078125, 16302.48046875, 16291.32421875, 16301.6220703125, 16417.439453125, 16363.076171875, 16498.611328125, 16509.25, 16573.671875, 16634.849609375, 16677.0234375, 16745.310546875, 16808.326171875, 16759.33984375, 16643.33984375, 16586.2421875, 16593.52734375, 16658.36328125, 16643.884765625, 16795.318359375, 16761.5703125, 16729.951171875, 16721.1171875, 16762.04296875, 16900.427734375, 16786.48828125, 16818.2734375, 16741.71875, 16831.626953125, 16881.296875, 16898.205078125, 16911.619140625, 16998.955078125, 16865.583984375, 16787.587890625, 16702.546875, 16789.478515625, 16941.583984375, 16954.689453125, 16916.701171875, 16907.533203125, 16886.978515625, 16834.822265625, 16874.75, 16811.255859375, 16788.390625, 16777.60546875, 16721.76953125, 16779.0390625, 16614.857421875, 16546.177734375, 16498.26171875, 16552.306640625, 16546.29296875, 16596.677734375, 16428.3359375, 16409.23046875, 16257.8232421875, 16173.8095703125, 16179.4775390625, 16075.19140625, 16008.3037109375, 16084.1005859375, 16086.8193359375, 16036.123046875, 16024.6865234375, 16056.03125, 15990.8271484375, 15934.4892578125, 15952.2626953125, 15940.2109375, 15710.03125, 15690.60546875, 15808.3271484375, 15783.935546875, 15800.587890625, 15873.6064453125, 15951.751953125, 15967.138671875, 15904.9140625, 15953.859375, 15899.9189453125, 15825.4912109375, 15865.451171875, 15950.1513671875, 15993.826171875, 16081.72265625, 16080.2041015625, 15933.6162109375, 16043.5146484375, 16083.7919921875, 16001.3251953125, 15942.69921875, 15851.888671875, 15932.248046875, 15827.7041015625, 15891.8466796875, 16059.0771484375, 16090.087890625, 16300.1015625, 16225.1494140625, 16173.2734375, 16088.9208984375, 16213.068359375, 16253.9462890625, 16281.7392578125, 16324.9599609375, 16320.72265625, 16381.41015625, 16582.701171875, 16457.640625, 16426.177734375, 16506.03515625, 16456.966796875, 16531.44140625, 16536.796875, 16538.416015625, 16549.8828125, 16497.59765625, 16517.771484375, 16555.79296875, 16444.216796875, 16456.642578125, 16416.8125, 16437.751953125, 16504.244140625, 16514.3125, 16585.60546875, 16503.33203125, 16531.974609375, 16544.95703125, 16479.5859375, 16443.857421875, 16408.642578125, 16558.994140625, 16507.953125, 16434.453125, 16476.3515625, 16397.708984375, 16345.705078125, 16336.7705078125, 16375.373046875, 16365.4228515625, 16415.623046875, 16514.56640625, 16525.11328125, 16534.662109375, 16613.279296875, 16667.810546875, 16650.82421875, 16498.73046875, 16486.2109375, 16494.21875, 16471.201171875, 16551.13671875, 16618.4375, 16734.98046875, 16711.947265625, 16670.140625, 16613.484375, 16607.265625, 16603.2734375, 16542.494140625, 16466.72265625, 16466.95703125, 16551.046875, 16544.650390625, 16464.5546875, 16575.21875, 16535.05078125, 16619.306640625, 16427.236328125, 16468.556640625, 16487.369140625, 16592.5703125, 16560.298828125, 16584.310546875, 16721.416015625, 16772.43359375, 16831.900390625, 16688.30859375, 16674.400390625, 16713.072265625, 16605.0859375, 16562.703125, 16571.04296875, 16608.9765625, 16755.90234375, 16879.033203125, 16780.681640625, 16801.7265625, 16739.005859375, 16755.607421875, 16799.71484375, 16771.9765625, 16750.912109375, 16800.970703125, 16798.3671875, 16805.55859375, 16745.724609375, 16751.24609375, 16811.224609375, 16820.439453125, 16738.7578125],