{"stock_name": "ITC", "mse": 12274.744140625, "mae": 88.55957794189453, "r2": 0.9935303926467896, "actual": [32122.099609375, 31989.3203125, 32060.349609375, 32007.296875, 32206.576171875, 32243.5390625, 32371.814453125, 32590.748046875, 32314.556640625, 32287.80859375, 32449.384765625, 32486.171875, 32673.865234375, 32961.6015625, 33073.8359375, 33167.79296875, 33142.08203125, 33141.625, 32957.41015625, 32753.111328125, 32802.67578125, 32612.166015625, 32786.828125, 32516.439453125, 32202.51171875, 32065.609375, 32067.87890625, 32029.265625, 32104.7578125, 31879.90625, 32076.294921875, 32291.701171875, 32417.1796875, 32212.5546875, 32183.615234375, 32288.88671875, 32118.73828125, 31934.99609375, 31903.298828125, 32050.138671875, 31967.69921875, 31874.072265625, 31868.802734375, 31700.736328125, 31720.38671875, 31720.015625, 31496.373046875, 31421.546875, 31448.662109375, 31525.12109375, 31405.623046875, 31650.75390625, 31603.0546875, 31320.220703125, 31230.9296875, 31225.83984375, 31133.556640625, 30992.650390625, 31036.150390625, 30939.0703125, 31040.453125, 30980.857421875, 30925.095703125, 30685.3984375, 30585.1953125, 30862.091796875, 30640.986328125, 30712.18359375, 30469.330078125, 30689.546875, 30299.685546875, 30249.078125, 30306.80078125, 30406.5, 30585.41796875, 30431.255859375, 30532.859375, 30555.814453125, 30657.046875, 30728.9609375, 30954.443359375, 30802.537109375, 30726.994140625, 30653.0703125, 30521.7890625, 30540.982421875, 30745.841796875, 30549.076171875, 30156.080078125, 30089.853515625, 30266.076171875, 30216.142578125, 30191.873046875, 30101.955078125, 30140.8984375, 30391.888671875, 30681.18359375, 30587.267578125, 30576.24609375, 30365.24609375, 30146.05859375, 30103.43359375, 30087.296875, 30091.353515625, 30072.1171875, 30132.279296875, 30056.419921875, 29939.15234375, 29715.439453125, 29597.244140625, 29250.52734375, 29363.89453125, 29202.1328125, 29449.400390625, 29334.2890625, 29493.06640625, 29751.23828125, 29488.935546875, 29324.25, 28977.650390625, 28940.34375, 28964.40625, 29003.927734375, 29039.861328125, 29046.15234375, 29020.9765625, 29187.345703125, 29232.5546875, 29166.859375, 29200.8984375, 29385.095703125, 29294.021484375, 29376.162109375, 29331.009765625, 29296.0, 29415.2890625, 29295.103515625, 29283.736328125, 29286.625, 29100.900390625, 29226.818359375, 29311.208984375, 29476.7734375, 29475.5, 29452.734375, 29525.5625, 29602.13671875, 29508.169921875, 29017.806640625, 29130.888671875, 28957.08984375, 29211.462890625, 28905.462890625, 29056.21875, 29063.779296875, 28848.974609375, 28627.9921875, 28550.42578125, 28381.287109375, 28448.046875, 28502.5859375, 28502.181640625, 28799.572265625, 28631.853515625, 28580.65625, 28590.279296875, 28601.677734375, 28524.521484375, 28542.84765625, 28489.9609375, 28536.0703125, 28436.6328125, 28385.54296875, 28450.333984375, 28408.6015625, 28677.359375, 28558.1171875, 28528.45703125, 28463.24609375, 28394.19921875, 28327.197265625, 28376.068359375, 28243.66796875, 28411.869140625, 28593.92578125, 28609.40625, 28615.212890625, 28523.37890625, 28778.11328125, 28736.458984375, 28905.974609375, 28839.642578125, 28832.5859375, 28648.74609375, 29011.16015625, 29026.5078125, 29141.92578125, 29280.4296875, 29358.576171875, 29421.517578125, 29446.470703125, 29257.515625, 29167.029296875, 29190.48828125, 29212.412109375, 29241.33984375, 29302.541015625, 29293.9296875, 28980.826171875, 29122.96875, 29280.8828125, 28985.724609375, 28920.7109375, 28819.705078125, 28970.009765625, 29084.86328125, 29341.0703125, 29246.1328125, 29362.236328125, 29330.720703125, 29367.384765625, 29481.771484375, 29286.2734375, 29277.703125, 29182.40625, 29110.482421875, 28847.865234375, 28819.994140625, 28739.12109375, 28690.63671875, 28592.9296875, 28585.4140625, 28538.494140625, 28652.833984375, 28999.236328125, 28834.919921875, 28833.75, 29175.748046875, 28950.87890625, 29014.357421875, 29176.60546875, 28994.486328125, 29101.13671875, 28873.833984375, 28802.701171875, 28883.63671875, 28926.044921875, 29137.119140625, 29380.966796875, 29151.037109375, 28977.638671875, 28974.04296875, 29022.416015625, 29025.634765625, 29217.98828125, 29127.919921875, 29440.1953125, 29587.521484375, 29376.1171875, 29304.970703125, 29277.568359375, 29322.12890625, 29290.671875, 29355.197265625, 29491.619140625, 29549.96484375, 29492.0, 29706.58984375, 29471.3828125, 29519.69921875, 29698.013671875, 29996.62109375, 29966.99609375, 30129.99609375, 30256.791015625, 30347.298828125, 30327.4609375, 30328.279296875, 30443.169921875, 30731.76953125, 30871.671875, 30831.2578125, 30761.955078125, 30998.87109375, 30785.291015625, 31050.064453125, 31204.59375, 31185.294921875, 31249.1953125, 31050.595703125, 30902.396484375, 30873.53515625, 30652.853515625, 30559.462890625, 30842.126953125, 30930.619140625, 31030.736328125, 30987.87890625, 30971.0546875, 30921.373046875, 30839.5, 30729.962890625, 30868.302734375, 30797.953125, 30926.341796875, 30961.251953125, 30839.85546875, 31165.603515625, 31047.640625, 31021.576171875, 30959.462890625, 31066.93359375, 31096.978515625, 31273.505859375, 31569.708984375, 31435.048828125, 31667.515625, 31613.55859375, 31675.525390625, 31687.9140625, 31726.0625, 31862.123046875, 31849.935546875, 31801.751953125, 32087.865234375, 32052.060546875, 32127.0390625, 32416.89453125, 32392.130859375, 32490.751953125, 32574.5078125, 32464.794921875, 32536.427734375, 32581.33203125, 32488.365234375, 32315.265625, 32716.486328125, 32508.072265625, 32416.0078125, 32638.880859375, 32400.025390625, 32299.33984375, 32519.56640625, 32679.849609375, 32622.009765625, 32664.35546875, 32570.509765625, 32241.671875, 32170.462890625, 32381.669921875, 32332.91015625, 32224.025390625, 32176.51953125, 32031.326171875, 32083.947265625, 32211.095703125, 32239.787109375, 32311.6328125, 32374.873046875, 32328.720703125],