{"stock_name": "ITC", "mse": 47.48588943481445, "mae": 6.064610481262207, "r2": 0.9978389739990234, "actual": [3346.7333984375, 3374.62548828125, 3380.149658203125, 3360.3408203125, 3383.370849609375, 3356.69140625, 3367.008544921875, 3373.939208984375, 3356.0234375, 3334.302978515625, 3329.4892578125, 3339.464599609375, 3334.468017578125, 3315.15673828125, 3319.662353515625, 3337.19873046875, 3355.0693359375, 3387.38525390625, 3379.718505859375, 3392.30615234375, 3377.238037109375, 3370.005126953125, 3367.8134765625, 3355.60009765625, 3344.681640625, 3346.527587890625, 3330.8935546875, 3311.719482421875, 3308.85595703125, 3337.790283203125, 3336.1591796875, 3320.67919921875, 3311.475830078125, 3276.525146484375, 3278.522705078125, 3291.8828125, 3294.49560546875, 3301.80517578125, 3296.363525390625, 3294.740478515625, 3289.8525390625, 3282.976318359375, 3262.316162109375, 3262.73681640625, 3259.753662109375, 3267.06884765625, 3270.269287109375, 3264.549072265625, 3268.2978515625, 3265.44482421875, 3260.03076171875, 3254.625732421875, 3245.373046875, 3239.95361328125, 3249.66357421875, 3233.699951171875, 3210.36328125, 3211.963623046875, 3200.669921875, 3190.2509765625, 3193.315185546875, 3210.46875, 3207.612060546875, 3161.759033203125, 3165.7177734375, 3160.681884765625, 3146.482666015625, 3170.629638671875, 3176.300048828125, 3175.0419921875, 3187.61572265625, 3202.87060546875, 3211.3291015625, 3202.175537109375, 3193.13525390625, 3227.000732421875, 3224.1923828125, 3221.126220703125, 3224.80126953125, 3222.748046875, 3187.93994140625, 3183.644287109375, 3193.723876953125, 3189.863525390625, 3212.022705078125, 3223.3173828125, 3246.926513671875, 3231.858154296875, 3214.58740234375, 3242.4736328125, 3234.17333984375, 3184.190185546875, 3166.21240234375, 3172.90673828125, 3187.30712890625, 3210.281982421875, 3210.481689453125, 3213.696533203125, 3205.112548828125, 3223.0146484375, 3215.665771484375, 3227.088623046875, 3214.593017578125, 3217.681640625, 3227.782958984375, 3226.92919921875, 3230.111328125, 3209.444091796875, 3201.87646484375, 3218.98583984375, 3231.193115234375, 3203.37060546875, 3176.974853515625, 3172.155029296875, 3186.1904296875, 3171.33984375, 3172.91259765625, 3173.93701171875, 3139.92138671875, 3136.690185546875, 3128.724365234375, 3128.321533203125, 3113.385498046875, 3123.978271484375, 3129.687744140625, 3125.413818359375, 3145.2490234375, 3133.193603515625, 3115.846435546875, 3124.397216796875, 3106.68798828125, 3100.020263671875, 3080.916259765625, 3098.09228515625, 3109.8828125, 3106.86572265625, 3077.412353515625, 3068.792724609375, 3042.49169921875, 3055.120361328125, 3055.982177734375, 3048.674072265625, 3061.610595703125, 3036.899658203125, 3053.786376953125, 3060.561767578125, 3088.189697265625, 3095.72802734375, 3105.92138671875, 3105.14013671875, 3114.481201171875, 3102.666748046875, 3094.744140625, 3099.037353515625, 3092.54345703125, 3083.19091796875, 3080.936279296875, 3093.9970703125, 3095.2646484375, 3085.630859375, 3077.025634765625, 3088.364013671875, 3082.28466796875, 3094.245849609375, 3082.6044921875, 3077.54345703125, 3036.24267578125, 3022.04638671875, 3043.381591796875, 3046.17333984375, 3057.597412109375, 3081.85009765625, 3097.787109375, 3105.167724609375, 3118.9267578125, 3117.78662109375, 3119.5146484375, 3111.8798828125, 3107.3388671875, 3104.79345703125, 3097.02099609375, 3100.3271484375, 3118.554443359375, 3105.79248046875, 3103.341064453125, 3084.648681640625, 3053.804931640625, 3045.646728515625, 3058.524169921875, 3053.542236328125, 3037.70263671875, 2994.947509765625, 3013.827392578125, 2999.937744140625, 3006.48095703125, 2993.48779296875, 2977.172119140625, 2990.036865234375, 2974.41845703125, 2964.669677734375, 2969.29833984375, 2979.90869140625, 2987.1865234375, 2985.32373046875, 3002.809814453125, 3004.9814453125, 2995.59814453125, 2982.234130859375, 2977.646240234375, 2988.850830078125, 2996.407470703125, 3009.0029296875, 2992.660400390625, 2978.5751953125, 2971.71142578125, 2971.50341796875, 2985.023681640625, 2980.3056640625, 2982.789306640625, 2979.79052734375, 2966.71435546875, 2985.042724609375, 2986.09033203125, 3015.849365234375, 3001.976318359375, 2975.30029296875, 2990.456298828125, 2978.914794921875, 2965.83984375, 2996.746826171875, 2987.37158203125, 2981.364501953125, 2972.184326171875, 2979.781494140625, 2979.259765625, 2944.515380859375, 2935.2744140625, 2960.34326171875, 2934.012939453125, 2951.5, 2935.345703125, 2973.5078125, 2985.28125, 2984.90673828125, 2977.12939453125, 2977.229248046875, 2975.456298828125, 2976.787353515625, 2981.51123046875, 2990.103759765625, 2989.0537109375, 2986.69482421875, 2986.922607421875, 2963.78466796875, 2991.533935546875, 2972.66552734375, 2976.931396484375, 2959.39453125, 2963.427978515625, 2951.06982421875, 2959.161865234375, 2964.316162109375, 2969.556640625, 2949.824951171875, 2952.8447265625, 2949.42578125, 2949.32373046875, 2965.615478515625, 2976.865966796875, 2976.74560546875, 2965.59619140625, 2970.04345703125, 2977.97021484375, 2951.677978515625, 2956.3876953125, 2951.915771484375, 2970.966552734375, 2958.585205078125, 2933.853271484375, 2917.749755859375, 2917.75390625, 2927.822265625, 2938.264892578125, 2927.27197265625, 2936.945556640625, 2936.492431640625, 2913.142822265625, 2903.753662109375, 2883.2109375, 2907.385986328125, 2903.012451171875, 2887.778076171875, 2877.868896484375, 2885.8994140625, 2874.544677734375, 2878.957763671875, 2865.7265625, 2893.640869140625, 2911.177978515625, 2912.64697265625, 2909.520751953125, 2919.3193359375, 2924.4951171875, 2936.86376953125, 2965.310791015625, 2986.720947265625, 2994.77685546875, 2967.986572265625, 2991.857421875, 2997.573486328125, 2994.483642578125, 2998.846923828125, 2988.01318359375, 2994.7509765625, 3005.650390625, 2996.1884765625, 2973.008056640625, 2981.653076171875, 2965.29296875, 2960.501220703125, 2955.3271484375, 2929.9892578125, 2938.306640625, 2939.0419921875, 2953.9287109375, 2942.53466796875, 2933.922119140625, 2933.3818359375, 2927.8603515625, 2933.89501953125, 2917.612060546875, 2921.28759765625, 2911.3955078125, 2901.393310546875, 2894.164794921875, 2864.746826171875, 2849.502685546875, 2849.874755859375, 2857.05224609375, 2865.955810546875, 2870.074462890625, 2874.164794921875, 2873.37939453125, 2869.076904296875, 2845.748291015625, 2844.30078125, 2844.618896484375, 2838.285400390625, 2829.4169921875, 2835.221435546875, 2805.051513671875, 2791.5556640625, 2822.70263671875, 2848.072509765625, 2831.38330078125, 2831.134521484375, 2832.232177734375, 2844.473388671875, 2835.425048828125, 2834.50244140625],