{"stock_name": "LT", "mse": 104.36358642578125, "mae": 8.188081741333008, "r2": 0.9945517182350159, "actual": [2863.78857421875, 2872.493408203125, 2844.53466796875, 2828.59423828125, 2801.906005859375, 2810.392822265625, 2812.12255859375, 2801.079833984375, 2804.123046875, 2795.421142578125, 2798.332763671875, 2809.919677734375, 2808.213623046875, 2824.724609375, 2821.442626953125, 2837.931884765625, 2855.183349609375, 2845.940673828125, 2849.730224609375, 2831.153564453125, 2818.4833984375, 2822.61279296875, 2842.414794921875, 2833.2265625, 2813.805419921875, 2793.150390625, 2807.1787109375, 2814.100341796875, 2814.239501953125, 2810.73681640625, 2796.319091796875, 2793.075927734375, 2803.150634765625, 2802.429931640625, 2776.9921875, 2786.166259765625, 2818.081298828125, 2794.490478515625, 2794.452880859375, 2788.526123046875, 2802.25634765625, 2785.391845703125, 2787.90673828125, 2769.1806640625, 2754.302734375, 2748.082275390625, 2741.09814453125, 2754.93359375, 2789.839111328125, 2774.622802734375, 2771.468017578125, 2795.29541015625, 2793.346435546875, 2791.563720703125, 2783.544677734375, 2792.632080078125, 2804.97607421875, 2782.7216796875, 2784.32861328125, 2801.753662109375, 2817.347900390625, 2800.960205078125, 2821.772705078125, 2817.6494140625, 2827.195068359375, 2831.7353515625, 2818.21875, 2831.472412109375, 2829.70361328125, 2846.14306640625, 2823.621337890625, 2848.4765625, 2860.953125, 2820.809326171875, 2828.64599609375, 2828.299560546875, 2834.212890625, 2853.082275390625, 2852.616455078125, 2847.109619140625, 2847.27978515625, 2860.318603515625, 2870.65234375, 2866.049072265625, 2879.658935546875, 2879.91650390625, 2883.952880859375, 2877.195556640625, 2870.599853515625, 2889.69775390625, 2891.630126953125, 2894.75244140625, 2911.910400390625, 2931.633056640625, 2915.009033203125, 2913.56689453125, 2900.439697265625, 2888.73876953125, 2875.5244140625, 2858.252685546875, 2848.964599609375, 2839.850341796875, 2819.31103515625, 2810.81201171875, 2780.957275390625, 2799.287109375, 2797.1875, 2795.264404296875, 2811.80322265625, 2783.4521484375, 2790.151611328125, 2780.807373046875, 2793.052978515625, 2788.15283203125, 2790.369140625, 2798.18896484375, 2753.15185546875, 2745.961669921875, 2734.607177734375, 2730.087646484375, 2747.036865234375, 2730.8662109375, 2737.726318359375, 2762.6650390625, 2737.906982421875, 2733.808837890625, 2738.837158203125, 2742.157958984375, 2714.151611328125, 2706.801025390625, 2724.174072265625, 2710.486572265625, 2712.719482421875, 2709.50634765625, 2704.1982421875, 2682.52197265625, 2687.04248046875, 2687.810302734375, 2709.814697265625, 2698.215087890625, 2705.998046875, 2715.32763671875, 2711.84814453125, 2724.2529296875, 2737.732421875, 2719.198486328125, 2718.5869140625, 2717.921875, 2706.740478515625, 2720.320556640625, 2704.9990234375, 2688.5244140625, 2673.537109375, 2691.263916015625, 2674.693603515625, 2700.291748046875, 2700.338134765625, 2677.257568359375, 2656.668212890625, 2658.514404296875, 2642.64453125, 2640.6474609375, 2661.60791015625, 2649.1533203125, 2644.718505859375, 2633.646728515625, 2644.146240234375, 2625.822509765625, 2618.37158203125, 2617.1328125, 2617.722412109375, 2611.27294921875, 2635.114013671875, 2618.006591796875, 2610.156982421875, 2612.888671875, 2572.13818359375, 2558.641845703125, 2555.799072265625, 2547.84765625, 2545.16552734375, 2573.932861328125, 2570.240478515625, 2566.870361328125, 2577.966796875, 2576.2822265625, 2585.395263671875, 2563.96435546875, 2582.21240234375, 2597.235107421875, 2599.85595703125, 2604.682373046875, 2606.828125, 2599.28759765625, 2604.06103515625, 2601.817138671875, 2609.807861328125, 2599.174560546875, 2589.781005859375, 2588.3740234375, 2589.693359375, 2573.26953125, 2582.664794921875, 2588.12451171875, 2598.8515625, 2582.774169921875, 2583.8193359375, 2586.0185546875, 2588.8955078125, 2579.453125, 2586.090576171875, 2603.737060546875, 2621.655029296875, 2613.14208984375, 2632.677490234375, 2626.169189453125, 2623.03564453125, 2625.308349609375, 2612.7216796875, 2601.312744140625, 2602.353271484375, 2619.088623046875, 2612.067138671875, 2640.95458984375, 2625.464111328125, 2623.266845703125, 2632.843017578125, 2641.064697265625, 2645.46630859375, 2619.809326171875, 2603.91455078125, 2581.66650390625, 2615.632080078125, 2630.044921875, 2640.489501953125, 2614.015625, 2608.137939453125, 2609.862060546875, 2595.45556640625, 2577.42919921875, 2565.963623046875, 2566.8837890625, 2573.337158203125, 2575.2978515625, 2577.778076171875, 2587.068603515625, 2590.020751953125, 2595.33935546875, 2570.308349609375, 2579.3916015625, 2579.5751953125, 2588.898193359375, 2602.1923828125, 2600.0654296875, 2607.028564453125, 2591.968017578125, 2609.12255859375, 2602.3623046875, 2618.470947265625, 2628.84619140625, 2626.08984375, 2628.573974609375, 2614.862060546875, 2619.073486328125, 2623.134521484375, 2620.928466796875, 2596.181640625, 2580.584228515625, 2574.69287109375, 2545.98828125, 2542.309326171875, 2538.1025390625, 2531.70361328125, 2542.98095703125, 2506.2060546875, 2503.067138671875, 2489.535400390625, 2484.144287109375, 2480.929931640625, 2474.60986328125, 2465.12548828125, 2463.96484375, 2450.295654296875, 2468.9970703125, 2459.701171875, 2453.3310546875, 2449.85693359375, 2450.678466796875, 2446.54931640625, 2467.744384765625, 2479.23681640625, 2497.6044921875, 2501.16015625, 2497.7001953125, 2490.427734375, 2496.9921875, 2522.749267578125, 2514.170166015625, 2521.002685546875, 2489.433349609375, 2494.71630859375, 2490.595703125, 2494.500244140625, 2492.02392578125, 2465.275634765625, 2472.398193359375, 2486.14501953125, 2492.892333984375, 2502.375, 2497.974609375, 2505.3447265625, 2502.18310546875, 2516.799560546875, 2517.70849609375, 2515.875, 2499.101318359375, 2494.870849609375, 2491.445556640625, 2491.826904296875, 2466.82275390625, 2457.096435546875, 2445.7763671875, 2459.323486328125, 2483.602294921875, 2480.507080078125, 2491.334228515625, 2513.994140625, 2490.70947265625, 2466.17822265625, 2445.151123046875, 2458.115234375, 2485.95458984375, 2496.92138671875, 2490.0224609375, 2477.517578125, 2490.467041015625, 2501.377685546875, 2487.062255859375, 2495.41259765625, 2484.975341796875, 2465.426025390625, 2474.252197265625, 2477.683837890625, 2485.44873046875, 2475.290283203125, 2451.1591796875, 2440.280029296875, 2432.138671875, 2418.887939453125, 2410.69140625, 2424.68310546875, 2416.2724609375, 2404.189697265625, 2390.915771484375, 2409.84814453125, 2418.271240234375, 2441.3330078125, 2457.275390625, 2470.138671875, 2444.7978515625],