{"stock_name": "RELIANCE", "mse": 107.62923431396484, "mae": 8.616153717041016, "r2": 0.9983343482017517, "actual": [13836.8837890625, 13802.896484375, 13922.5693359375, 13960.470703125, 13924.1591796875, 14005.7060546875, 13938.5830078125, 13773.9833984375, 13744.7373046875, 13720.560546875, 13646.9306640625, 13544.2900390625, 13491.1943359375, 13353.890625, 13356.0849609375, 13333.1162109375, 13301.17578125, 13245.2529296875, 13314.138671875, 13305.724609375, 13286.29296875, 13280.728515625, 13278.6943359375, 13318.765625, 13273.0966796875, 13287.8466796875, 13281.8056640625, 13286.2265625, 13307.6943359375, 13266.0615234375, 13377.40234375, 13313.345703125, 13300.759765625, 13283.1298828125, 13379.48828125, 13327.46484375, 13315.8369140625, 13304.4501953125, 13230.8525390625, 13219.3310546875, 13202.482421875, 13220.76171875, 13157.974609375, 13279.19921875, 13141.083984375, 13119.466796875, 13078.8203125, 13134.591796875, 13309.267578125, 13382.8134765625, 13374.7685546875, 13290.177734375, 13290.13671875, 13326.337890625, 13351.3115234375, 13338.900390625, 13414.5703125, 13413.9501953125, 13305.8505859375, 13358.7978515625, 13410.390625, 13413.7841796875, 13442.4892578125, 13428.72265625, 13456.1650390625, 13496.58203125, 13513.2919921875, 13569.1728515625, 13538.13671875, 13521.029296875, 13380.947265625, 13314.7685546875, 13205.71875, 13125.1513671875, 13274.0302734375, 13352.0126953125, 13359.703125, 13393.908203125, 13463.7255859375, 13495.4931640625, 13587.9794921875, 13510.5078125, 13521.7841796875, 13505.255859375, 13372.4267578125, 13392.375, 13398.4794921875, 13439.986328125, 13323.5634765625, 13409.3779296875, 13414.2119140625, 13349.65234375, 13244.53515625, 13258.1728515625, 13183.5556640625, 13231.3134765625, 13208.59765625, 13235.2138671875, 13195.4228515625, 13225.7919921875, 13202.560546875, 13155.052734375, 13093.9619140625, 13111.5380859375, 13063.8486328125, 13072.5126953125, 13025.5908203125, 12944.1728515625, 12936.0439453125, 12887.8330078125, 12895.0048828125, 12874.2177734375, 12920.091796875, 12947.408203125, 13010.80078125, 13040.234375, 13168.6552734375, 13290.6650390625, 13307.271484375, 13214.388671875, 13250.578125, 13239.390625, 13225.177734375, 13331.984375, 13355.955078125, 13293.1767578125, 13302.853515625, 13222.7958984375, 13290.154296875, 13160.8271484375, 13197.68359375, 13318.44921875, 13326.31640625, 13313.7041015625, 13279.970703125, 13267.498046875, 13236.4609375, 13303.212890625, 13389.384765625, 13387.6005859375, 13410.1201171875, 13474.65234375, 13453.974609375, 13351.0390625, 13278.2978515625, 13403.7216796875, 13357.318359375, 13288.314453125, 13323.8037109375, 13267.484375, 13222.5087890625, 13244.212890625, 13250.6943359375, 13203.8212890625, 13204.751953125, 13260.2236328125, 13227.4853515625, 13269.033203125, 13282.63671875, 13196.947265625, 13133.880859375, 13142.9404296875, 13173.7451171875, 13150.8955078125, 13218.083984375, 13223.0712890625, 13133.3828125, 13192.9423828125, 13253.5009765625, 13399.5283203125, 13464.3671875, 13436.3095703125, 13322.619140625, 13259.4697265625, 13124.58203125, 13186.859375, 13158.1630859375, 13122.3076171875, 13058.6494140625, 13108.7587890625, 13167.8642578125, 13131.421875, 13161.9736328125, 13147.0634765625, 13074.95703125, 13101.015625, 13145.3984375, 13134.767578125, 13171.4033203125, 13123.51953125, 13031.654296875, 13062.201171875, 13076.7509765625, 13113.8349609375, 13138.5244140625, 13094.3046875, 13095.5478515625, 13094.7197265625, 13142.748046875, 13221.48046875, 13352.8603515625, 13371.0283203125, 13490.6240234375, 13533.2412109375, 13628.6328125, 13566.6015625, 13668.8369140625, 13616.8466796875, 13642.623046875, 13546.8330078125, 13489.7275390625, 13499.951171875, 13477.34765625, 13558.5029296875, 13566.1328125, 13575.9931640625, 13700.5048828125, 13820.671875, 13865.4765625, 13762.2177734375, 13701.048828125, 13669.359375, 13716.056640625, 13731.337890625, 13721.513671875, 13672.7421875, 13604.5751953125, 13577.73046875, 13701.3251953125, 13666.169921875, 13591.4912109375, 13609.041015625, 13677.7431640625, 13701.072265625, 13744.890625, 13750.3359375, 13742.6708984375, 13741.9453125, 13711.203125, 13656.287109375, 13613.583984375, 13540.2109375, 13448.833984375, 13463.908203125, 13507.5224609375, 13628.380859375, 13632.3828125, 13603.27734375, 13580.4560546875, 13663.9736328125, 13692.3046875, 13781.4599609375, 13794.2265625, 13641.048828125, 13665.1455078125, 13582.1826171875, 13593.2119140625, 13639.0546875, 13637.6943359375, 13609.259765625, 13649.380859375, 13628.2734375, 13603.90625, 13522.0634765625, 13441.267578125, 13448.3134765625, 13499.0380859375, 13532.240234375, 13414.822265625, 13386.6591796875, 13402.9990234375, 13456.1787109375, 13516.53515625, 13560.927734375, 13634.4072265625, 13677.1337890625, 13636.0322265625, 13661.8525390625, 13708.6484375, 13715.7919921875, 13802.796875, 13738.6796875, 13708.9990234375, 13759.279296875, 13962.2646484375, 13930.1201171875, 13819.9794921875, 13792.2392578125, 13758.63671875, 13717.916015625, 13754.53125, 13701.740234375, 13754.4619140625, 13662.25, 13723.8037109375, 13778.19921875, 13781.5380859375, 13688.0927734375, 13778.3017578125, 13872.94921875, 13795.3017578125, 13789.9697265625, 13780.1474609375, 13802.349609375, 13960.1103515625, 13901.765625, 13693.12109375, 13665.701171875, 13832.5400390625, 13663.4072265625, 13691.4326171875, 13642.1298828125, 13670.455078125, 13722.1337890625, 13699.9814453125, 13657.0224609375, 13527.888671875, 13552.376953125, 13696.1689453125, 13714.546875, 13687.150390625, 13617.3896484375, 13724.6806640625, 13780.205078125, 13747.681640625, 13802.0966796875, 13797.005859375, 13846.7568359375, 13867.6953125, 13892.3486328125, 13915.013671875, 13894.1728515625, 13902.044921875, 13941.771484375, 13952.810546875, 13878.5439453125, 13822.1611328125, 13857.9970703125, 13829.7763671875, 13887.3857421875, 13702.9580078125, 13730.490234375, 13687.642578125, 13672.560546875, 13805.8876953125, 13737.4521484375, 13807.6630859375, 13702.740234375, 13709.005859375, 13715.8916015625, 13559.3818359375, 13490.7421875, 13581.283203125, 13604.2666015625, 13580.837890625, 13564.869140625, 13661.8271484375, 13624.662109375, 13778.2314453125, 13709.7880859375],