{"stock_name": "RELIANCE", "mse": 236.87660217285156, "mae": 12.320486068725586, "r2": 0.9848735332489014, "actual": [4804.2958984375, 4793.6611328125, 4772.46826171875, 4772.046875, 4793.05712890625, 4793.61279296875, 4765.81005859375, 4791.46533203125, 4824.15576171875, 4832.3212890625, 4851.3896484375, 4825.421875, 4849.53173828125, 4868.66796875, 4871.68212890625, 4830.521484375, 4833.04833984375, 4842.63525390625, 4807.5771484375, 4756.2255859375, 4768.29296875, 4793.3759765625, 4789.5595703125, 4773.39501953125, 4766.88623046875, 4755.4541015625, 4751.88232421875, 4702.6611328125, 4657.93017578125, 4647.64013671875, 4659.57568359375, 4679.38623046875, 4658.12744140625, 4716.451171875, 4740.5830078125, 4755.49365234375, 4733.328125, 4685.87890625, 4733.4951171875, 4716.697265625, 4724.90234375, 4739.89013671875, 4731.357421875, 4749.408203125, 4760.84130859375, 4743.69775390625, 4769.888671875, 4804.818359375, 4814.64013671875, 4806.98583984375, 4828.888671875, 4827.3154296875, 4873.0517578125, 4902.92724609375, 4906.833984375, 4884.52294921875, 4875.2431640625, 4845.58251953125, 4853.81396484375, 4876.2431640625, 4853.53466796875, 4838.232421875, 4821.525390625, 4823.16064453125, 4811.87158203125, 4804.1552734375, 4792.6669921875, 4789.064453125, 4802.70556640625, 4774.88037109375, 4764.982421875, 4752.9609375, 4753.81298828125, 4786.96142578125, 4737.02099609375, 4740.818359375, 4786.6552734375, 4792.0126953125, 4789.6904296875, 4780.8134765625, 4746.34033203125, 4759.09375, 4793.197265625, 4763.234375, 4809.134765625, 4803.82421875, 4783.71923828125, 4764.36865234375, 4754.154296875, 4751.474609375, 4739.4091796875, 4730.42041015625, 4745.5234375, 4753.16455078125, 4732.69384765625, 4768.92431640625, 4795.77197265625, 4808.0546875, 4831.109375, 4838.345703125, 4785.4619140625, 4767.78955078125, 4777.0029296875, 4802.21630859375, 4834.5009765625, 4863.080078125, 4847.91455078125, 4823.50439453125, 4764.60546875, 4779.125, 4785.94970703125, 4817.53564453125, 4817.189453125, 4803.6181640625, 4796.12548828125, 4749.25732421875, 4745.0380859375, 4732.52099609375, 4731.01025390625, 4742.38037109375, 4747.34375, 4699.759765625, 4681.0458984375, 4655.8447265625, 4655.3525390625, 4654.10693359375, 4624.58154296875, 4606.62548828125, 4612.115234375, 4626.228515625, 4593.2470703125, 4593.51171875, 4614.876953125, 4594.4970703125, 4619.3857421875, 4626.07421875, 4631.58154296875, 4627.22998046875, 4666.30517578125, 4645.6484375, 4669.1298828125, 4695.10498046875, 4695.06884765625, 4733.5390625, 4727.294921875, 4751.322265625, 4727.26318359375, 4699.486328125, 4688.24560546875, 4694.4453125, 4678.857421875, 4677.943359375, 4651.3466796875, 4668.6064453125, 4660.08642578125, 4639.15185546875, 4648.50732421875, 4660.8857421875, 4650.80908203125, 4670.6962890625, 4687.712890625, 4689.17578125, 4668.55029296875, 4666.5302734375, 4666.212890625, 4654.9287109375, 4680.87548828125, 4694.13916015625, 4683.4775390625, 4676.43310546875, 4711.44921875, 4659.3349609375, 4691.70556640625, 4672.0947265625, 4646.2255859375, 4647.9375, 4640.7548828125, 4590.61328125, 4561.01171875, 4524.49462890625, 4557.1923828125, 4524.74169921875, 4500.89501953125, 4499.087890625, 4468.51416015625, 4470.29736328125, 4505.0419921875, 4523.95361328125, 4545.8916015625, 4573.259765625, 4581.939453125, 4582.65234375, 4604.486328125, 4638.5341796875, 4643.18408203125, 4649.974609375, 4653.46826171875, 4666.8154296875, 4669.8603515625, 4662.4912109375, 4634.28857421875, 4612.4921875, 4599.26171875, 4603.9892578125, 4606.32470703125, 4582.69091796875, 4592.0517578125, 4563.78173828125, 4553.033203125, 4539.64111328125, 4524.26171875, 4551.07666015625, 4526.11865234375, 4573.2666015625, 4558.1240234375, 4561.34033203125, 4580.1220703125, 4582.93310546875, 4609.75390625, 4620.404296875, 4673.1005859375, 4675.82763671875, 4680.23681640625, 4715.49658203125, 4754.65185546875, 4761.701171875, 4798.95751953125, 4785.056640625, 4822.6357421875, 4859.80517578125, 4833.1591796875, 4852.38134765625, 4812.92822265625, 4792.71337890625, 4758.11474609375, 4760.685546875, 4793.6552734375, 4814.130859375, 4863.95068359375, 4857.2548828125, 4847.177734375, 4796.21240234375, 4821.53759765625, 4832.33349609375, 4846.78125, 4869.298828125, 4901.76904296875, 4886.99560546875, 4867.0302734375, 4859.52490234375, 4856.56298828125, 4799.86767578125, 4803.81640625, 4789.576171875, 4752.61083984375, 4728.71875, 4746.783203125, 4730.79248046875, 4732.8349609375, 4738.20458984375, 4722.90869140625, 4702.2275390625, 4716.3427734375, 4667.79541015625, 4685.2685546875, 4662.75, 4644.28759765625, 4651.93115234375, 4647.59033203125, 4650.33251953125, 4642.70849609375, 4637.96826171875, 4646.97314453125, 4638.244140625, 4677.00732421875, 4659.3515625, 4645.9189453125, 4610.828125, 4607.29296875, 4615.5947265625, 4620.951171875, 4615.322265625, 4583.81298828125, 4600.27099609375, 4594.7490234375, 4628.62451171875, 4642.77197265625, 4618.01611328125, 4653.50048828125, 4654.43505859375, 4654.8876953125, 4663.05419921875, 4667.498046875, 4678.87158203125, 4651.22021484375, 4627.7099609375, 4644.279296875, 4618.662109375, 4620.9931640625, 4647.75341796875, 4653.45703125, 4634.658203125, 4635.6513671875, 4602.6015625, 4615.24560546875, 4603.615234375, 4585.265625, 4565.93115234375, 4572.43310546875, 4590.1943359375, 4546.41943359375, 4543.95751953125, 4547.1220703125, 4556.40185546875, 4571.16259765625, 4558.74853515625, 4556.95263671875, 4547.2021484375, 4533.08447265625, 4529.31689453125, 4506.83349609375, 4520.91064453125, 4514.49853515625, 4531.11767578125, 4497.93115234375, 4461.7265625, 4464.18212890625, 4533.42626953125, 4509.2548828125, 4515.60546875, 4482.4111328125, 4459.337890625, 4450.01953125, 4435.5283203125, 4432.525390625, 4443.2890625, 4439.92578125, 4462.16357421875, 4461.8251953125, 4450.68603515625, 4432.619140625, 4398.21630859375, 4368.0400390625, 4359.7900390625, 4382.05908203125, 4343.76806640625, 4335.35888671875, 4411.3984375, 4432.7421875, 4434.26220703125, 4405.494140625, 4419.2197265625, 4401.4228515625, 4417.16162109375, 4378.9990234375, 4413.02490234375, 4432.90185546875, 4455.2265625, 4465.2119140625, 4444.630859375],