{"stock_name": "SBIN", "mse": 43359.50390625, "mae": 164.79090881347656, "r2": 0.9893935322761536, "actual": [54258.7421875, 54131.3984375, 53777.6640625, 53825.62109375, 53452.4375, 53631.66796875, 53263.01171875, 53030.1796875, 52882.99609375, 53207.8203125, 53428.8046875, 53436.078125, 53644.24609375, 53729.07421875, 54329.3203125, 54378.17578125, 54955.03515625, 54630.125, 54446.28515625, 54593.3046875, 54382.62890625, 54450.6953125, 54386.5078125, 53684.0390625, 53929.54296875, 53792.91015625, 53516.44921875, 53619.31640625, 53768.69921875, 54012.76953125, 54068.046875, 54331.07421875, 54168.203125, 53796.57421875, 53469.98828125, 53437.16796875, 53592.34765625, 53703.34375, 53820.6328125, 53886.36328125, 53685.59375, 53888.05859375, 54310.7265625, 54223.984375, 53996.16796875, 53697.078125, 53609.99609375, 53524.76953125, 53611.08203125, 53965.03515625, 54067.9453125, 54326.8125, 54719.6875, 54801.61328125, 54736.71484375, 54614.11328125, 54619.23828125, 54528.99609375, 54531.35546875, 54149.953125, 53878.9296875, 53845.53515625, 54074.19140625, 54144.4375, 54003.859375, 54094.28125, 54031.4375, 54287.078125, 54168.01171875, 53651.8671875, 53821.21484375, 53791.31640625, 54050.3671875, 53814.15625, 54437.875, 53870.6796875, 54011.71875, 53873.71875, 53763.8203125, 53791.703125, 53905.30859375, 54165.328125, 54535.515625, 54401.328125, 54483.40625, 54611.19921875, 54246.8515625, 54591.28515625, 54812.91015625, 54977.79296875, 55077.12890625, 55227.65234375, 55062.85546875, 55437.47265625, 56055.8203125, 56036.79296875, 56131.421875, 55937.6015625, 56436.84375, 56700.765625, 56855.29296875, 57064.23828125, 57171.4921875, 56753.0078125, 56487.88671875, 56690.45703125, 56104.671875, 56173.51171875, 56213.859375, 56133.58984375, 55781.12109375, 56045.76953125, 56111.859375, 56204.84375, 56582.71875, 57019.6015625, 56878.4453125, 56804.16015625, 56545.39453125, 56845.578125, 56863.36328125, 57125.3671875, 57126.43359375, 57225.95703125, 57860.1640625, 57394.85546875, 57663.921875, 57979.1875, 58031.18359375, 57752.52734375, 57360.8125, 57320.77734375, 57733.765625, 58158.34765625, 58382.29296875, 59093.48046875, 59207.48828125, 59171.0390625, 59237.61328125, 58629.796875, 58029.62109375, 58575.4765625, 58512.54296875, 58260.8984375, 58448.5703125, 58707.125, 58612.57421875, 58851.53515625, 58862.046875, 58641.0, 58397.5703125, 57841.8046875, 57927.43359375, 57754.16796875, 57954.4609375, 57406.25, 57452.48828125, 57267.71484375, 57688.6328125, 57404.359375, 57026.51953125, 57319.87890625, 57403.57421875, 57048.8203125, 57153.65234375, 57131.4609375, 57552.875, 57252.46875, 57362.57421875, 57016.25, 56595.3671875, 56453.65625, 56536.4375, 56268.390625, 56524.71484375, 56707.9453125, 56467.0625, 56363.66796875, 56522.77734375, 56554.76953125, 56349.58203125, 56612.84765625, 56413.84375, 55809.3671875, 56137.27734375, 56008.609375, 56470.44921875, 56624.52734375, 57075.6640625, 56654.89453125, 56735.0703125, 56929.59375, 56792.40234375, 57144.12890625, 57317.375, 57124.77734375, 57314.59765625, 56850.27734375, 57078.42578125, 57313.65234375, 57677.59375, 57675.13671875, 57463.5234375, 57580.24609375, 56958.3671875, 56989.125, 57467.7734375, 57500.984375, 57821.7421875, 57876.109375, 58010.58984375, 58370.43359375, 58260.4140625, 58482.3125, 58594.4296875, 58485.56640625, 58420.4765625, 58947.80859375, 58456.95703125, 58797.67578125, 58753.8984375, 58757.44921875, 58895.94921875, 59088.8359375, 59452.51171875, 59658.04296875, 60172.6015625, 59961.27734375, 60132.9140625, 59836.5, 59736.92578125, 59461.57421875, 59383.60546875, 60002.21484375, 60582.35546875, 60516.796875, 60490.5, 60479.0859375, 60614.171875, 59817.28125, 59801.58203125, 59763.4609375, 59464.8828125, 59367.0625, 59617.4140625, 59355.30078125, 59236.3125, 59250.44140625, 59443.30078125, 59424.96484375, 59537.203125, 58967.796875, 59273.7734375, 58970.453125, 59152.9296875, 58945.6640625, 58626.0234375, 59084.09375, 59086.84765625, 59414.203125, 59397.7578125, 58865.62890625, 58756.203125, 58106.22265625, 58209.03125, 57890.29296875, 58120.6484375, 58305.2265625, 58247.3359375, 58576.2890625, 58457.56640625, 58020.46875, 57798.44140625, 57524.07421875, 57631.96484375, 57608.203125, 57911.37890625, 58383.24609375, 58407.5390625, 58514.3671875, 58363.8671875, 58302.64453125, 58684.55078125, 58566.765625, 58762.21484375, 58748.5546875, 58642.6640625, 58404.296875, 58086.52734375, 58488.0859375, 58636.0234375, 58534.99609375, 58810.7734375, 58665.9140625, 58776.078125, 58741.03125, 59123.9453125, 58796.98046875, 58888.32421875, 58919.8515625, 58910.82421875, 58882.9453125, 58506.265625, 58603.36328125, 58237.734375, 57982.58984375, 57659.765625, 57664.9375, 57171.12109375, 57116.69140625, 56725.21484375, 56751.5078125, 56770.9765625, 56868.37890625, 56863.96875, 57240.64453125, 57555.1796875, 58006.09375, 58298.31640625, 58003.01953125, 57905.29296875, 57625.5625, 57419.09375, 57124.5546875, 56966.3828125, 56607.59375, 56371.21484375, 56278.671875, 56628.0703125, 56568.9453125, 56812.83984375, 57083.0234375, 57056.36328125, 56886.53125, 57108.1796875, 57155.6875, 57845.7109375, 57883.62890625, 58175.953125, 58066.1875, 57496.00390625, 57509.86328125, 57903.47265625, 57786.078125, 57892.7265625, 57922.234375, 58624.55859375, 59081.69140625, 59298.7421875, 59603.2109375, 59988.07421875, 59841.75390625, 59808.98046875, 60635.671875, 60891.4609375, 60948.80078125, 60965.6875, 61046.578125, 61033.359375, 60913.51953125],