{"stock_name": "TCS", "mse": 19.091136932373047, "mae": 3.3652288913726807, "r2": 0.9981432557106018, "actual": [4501.89990234375, 4509.80859375, 4483.5712890625, 4473.4013671875, 4451.42431640625, 4428.30078125, 4490.86962890625, 4530.36376953125, 4526.84130859375, 4514.23583984375, 4501.7841796875, 4471.1845703125, 4487.55859375, 4478.68310546875, 4456.0390625, 4453.15771484375, 4434.5595703125, 4408.46728515625, 4402.26416015625, 4358.25244140625, 4389.486328125, 4375.1123046875, 4351.52734375, 4380.18359375, 4334.56201171875, 4354.9130859375, 4355.09228515625, 4367.357421875, 4400.47265625, 4393.2529296875, 4413.8916015625, 4428.00732421875, 4429.88916015625, 4443.560546875, 4446.037109375, 4460.775390625, 4456.7333984375, 4431.06787109375, 4433.255859375, 4419.77490234375, 4421.53466796875, 4386.3671875, 4363.89306640625, 4377.376953125, 4373.80126953125, 4401.490234375, 4377.80712890625, 4405.92431640625, 4437.2900390625, 4475.54638671875, 4476.63134765625, 4469.56298828125, 4478.72021484375, 4477.34130859375, 4467.6953125, 4450.95849609375, 4456.28173828125, 4462.83056640625, 4437.1162109375, 4409.69873046875, 4410.42724609375, 4405.1484375, 4454.52392578125, 4445.05322265625, 4476.6162109375, 4469.8447265625, 4481.25, 4487.0703125, 4498.4091796875, 4515.46923828125, 4556.224609375, 4550.40283203125, 4545.66064453125, 4533.3916015625, 4520.59521484375, 4475.5615234375, 4455.14111328125, 4441.3076171875, 4474.08447265625, 4453.35791015625, 4448.71533203125, 4438.9501953125, 4446.2158203125, 4448.14697265625, 4431.66943359375, 4474.76904296875, 4484.75341796875, 4513.1923828125, 4541.17138671875, 4529.55615234375, 4503.0703125, 4478.4296875, 4476.4052734375, 4447.09619140625, 4445.62890625, 4447.1513671875, 4432.12744140625, 4457.71875, 4447.7138671875, 4432.5791015625, 4419.29052734375, 4455.025390625, 4446.32080078125, 4472.9619140625, 4483.77978515625, 4498.65625, 4498.94189453125, 4510.0537109375, 4499.0517578125, 4508.9697265625, 4518.083984375, 4531.291015625, 4516.27294921875, 4495.18408203125, 4493.38525390625, 4487.658203125, 4505.76025390625, 4496.326171875, 4493.62890625, 4503.5009765625, 4552.482421875, 4607.75244140625, 4616.767578125, 4619.103515625, 4590.9013671875, 4602.08935546875, 4576.98486328125, 4575.9873046875, 4588.55859375, 4577.35595703125, 4533.21142578125, 4539.3740234375, 4532.146484375, 4555.826171875, 4531.81689453125, 4529.43115234375, 4534.55126953125, 4551.0, 4552.3583984375, 4602.04443359375, 4589.7724609375, 4605.150390625, 4597.64501953125, 4627.29931640625, 4639.19970703125, 4623.43994140625, 4651.94970703125, 4665.9580078125, 4662.9033203125, 4652.83837890625, 4620.01953125, 4665.1826171875, 4675.70703125, 4674.8154296875, 4662.5380859375, 4694.294921875, 4675.830078125, 4643.76953125, 4667.1923828125, 4673.88134765625, 4691.7890625, 4672.3681640625, 4683.18408203125, 4728.60693359375, 4698.1123046875, 4673.66748046875, 4713.28076171875, 4665.3232421875, 4677.265625, 4671.8798828125, 4675.11181640625, 4661.92236328125, 4643.95947265625, 4646.349609375, 4599.0263671875, 4611.3212890625, 4591.52587890625, 4597.80419921875, 4610.99755859375, 4637.7998046875, 4630.53369140625, 4641.4580078125, 4669.25, 4689.89501953125, 4678.64404296875, 4665.8662109375, 4662.06494140625, 4670.94873046875, 4716.14794921875, 4722.35107421875, 4732.93603515625, 4688.14306640625, 4680.39306640625, 4666.32763671875, 4679.763671875, 4726.23291015625, 4716.0283203125, 4675.763671875, 4725.8603515625, 4741.89990234375, 4746.048828125, 4735.82421875, 4730.4521484375, 4729.330078125, 4715.55517578125, 4702.8203125, 4680.54443359375, 4695.4580078125, 4693.77880859375, 4716.71142578125, 4709.95068359375, 4676.4228515625, 4682.16064453125, 4675.1201171875, 4677.5302734375, 4681.41015625, 4689.576171875, 4695.7509765625, 4670.11572265625, 4659.4423828125, 4697.7060546875, 4679.83544921875, 4628.12841796875, 4587.39794921875, 4582.4892578125, 4567.30908203125, 4550.1796875, 4562.9013671875, 4532.33056640625, 4530.9453125, 4541.22705078125, 4504.8857421875, 4475.62548828125, 4453.72900390625, 4454.01025390625, 4454.93603515625, 4476.412109375, 4444.71337890625, 4425.40625, 4450.34912109375, 4429.416015625, 4444.71142578125, 4450.78662109375, 4423.3271484375, 4429.1220703125, 4462.904296875, 4455.76025390625, 4400.9453125, 4439.5361328125, 4419.56103515625, 4379.89013671875, 4399.10595703125, 4381.8330078125, 4338.01953125, 4354.8544921875, 4326.48876953125, 4279.8193359375, 4266.31298828125, 4327.51904296875, 4364.82666015625, 4402.9443359375, 4425.21826171875, 4421.44921875, 4366.61962890625, 4378.37744140625, 4388.9072265625, 4400.22607421875, 4403.5966796875, 4373.50927734375, 4409.46484375, 4429.33447265625, 4494.80078125, 4482.40380859375, 4475.26953125, 4446.41748046875, 4435.2373046875, 4472.9384765625, 4500.12646484375, 4498.9912109375, 4475.51171875, 4477.28515625, 4442.33740234375, 4472.35400390625, 4413.65185546875, 4448.80078125, 4469.11181640625, 4460.75, 4454.9677734375, 4466.74267578125, 4442.57666015625, 4454.119140625, 4452.23583984375, 4441.0458984375, 4436.56640625, 4450.4599609375, 4466.28515625, 4449.51025390625, 4450.19677734375, 4464.21240234375, 4465.19970703125, 4465.771484375, 4466.19287109375, 4486.1396484375, 4495.76904296875, 4501.0654296875, 4474.87548828125, 4477.46240234375, 4479.3876953125, 4493.53466796875, 4495.357421875, 4494.72509765625, 4518.8251953125, 4566.1884765625, 4586.326171875, 4573.08349609375, 4587.4658203125, 4581.02001953125, 4566.48876953125, 4556.73974609375, 4543.20751953125, 4506.8251953125, 4510.66845703125, 4529.86572265625, 4540.4033203125, 4532.2099609375, 4528.888671875, 4537.708984375, 4532.14990234375, 4536.1708984375, 4549.0146484375, 4564.97607421875, 4586.0048828125, 4565.92236328125, 4563.5576171875, 4558.9326171875, 4575.88671875, 4526.8203125, 4563.0244140625, 4593.67041015625, 4589.69873046875, 4565.6015625, 4563.58984375, 4543.48779296875, 4493.81591796875, 4498.92626953125, 4525.1103515625, 4542.42236328125, 4539.134765625, 4478.43115234375, 4492.89892578125, 4484.2783203125, 4468.583984375, 4489.2734375, 4493.57080078125, 4507.72998046875, 4496.12158203125, 4487.4345703125, 4504.14306640625, 4488.7080078125, 4479.82275390625],