{"stock_name": "TCS", "mse": 553.1569213867188, "mae": 18.406864166259766, "r2": 0.976582944393158, "actual": [6765.0419921875, 6773.6533203125, 6740.8134765625, 6718.7587890625, 6808.591796875, 6735.60498046875, 6728.59765625, 6756.37548828125, 6672.80615234375, 6680.28662109375, 6625.9853515625, 6614.4921875, 6651.90869140625, 6662.29248046875, 6695.48779296875, 6653.06201171875, 6651.95703125, 6665.94970703125, 6683.0703125, 6753.2568359375, 6776.103515625, 6814.30615234375, 6803.474609375, 6808.8720703125, 6776.0634765625, 6776.11083984375, 6763.20361328125, 6728.87255859375, 6672.216796875, 6661.9921875, 6710.05322265625, 6677.14892578125, 6674.58154296875, 6736.9248046875, 6733.9990234375, 6680.19189453125, 6670.4716796875, 6651.876953125, 6614.193359375, 6568.478515625, 6591.41552734375, 6545.81494140625, 6536.45849609375, 6545.0068359375, 6546.99560546875, 6552.11767578125, 6523.0107421875, 6463.94873046875, 6412.01220703125, 6369.40576171875, 6377.923828125, 6434.70654296875, 6447.71826171875, 6455.49169921875, 6457.33154296875, 6462.1181640625, 6472.744140625, 6473.56201171875, 6534.634765625, 6560.44140625, 6572.501953125, 6626.63916015625, 6647.60595703125, 6679.0908203125, 6667.15673828125, 6699.2783203125, 6749.62890625, 6723.900390625, 6682.3740234375, 6677.03759765625, 6670.96533203125, 6613.7919921875, 6586.0009765625, 6590.33642578125, 6593.8291015625, 6571.18701171875, 6528.00634765625, 6549.5166015625, 6526.076171875, 6454.0654296875, 6540.64599609375, 6533.52490234375, 6545.6708984375, 6531.57861328125, 6507.89306640625, 6489.6904296875, 6490.21142578125, 6499.99267578125, 6507.3427734375, 6476.21728515625, 6491.4423828125, 6466.888671875, 6464.0244140625, 6487.3603515625, 6484.3779296875, 6462.53759765625, 6402.44482421875, 6437.49267578125, 6469.68896484375, 6466.4248046875, 6482.95361328125, 6494.61669921875, 6512.30712890625, 6541.09814453125, 6559.76123046875, 6491.1220703125, 6493.6748046875, 6480.66015625, 6530.21923828125, 6492.40234375, 6466.9375, 6497.23291015625, 6546.03857421875, 6548.1494140625, 6564.03466796875, 6577.423828125, 6522.82177734375, 6589.91650390625, 6530.9521484375, 6544.037109375, 6498.626953125, 6495.66748046875, 6499.05712890625, 6566.20751953125, 6571.0302734375, 6584.2490234375, 6559.75, 6539.97119140625, 6545.1640625, 6516.63720703125, 6541.5556640625, 6533.900390625, 6539.33837890625, 6484.6142578125, 6448.755859375, 6478.2216796875, 6445.93310546875, 6469.54638671875, 6483.7509765625, 6485.7109375, 6482.068359375, 6469.73291015625, 6487.1240234375, 6516.48876953125, 6515.65869140625, 6527.1640625, 6519.0673828125, 6472.4853515625, 6481.396484375, 6539.3974609375, 6536.330078125, 6545.10498046875, 6512.3359375, 6498.58154296875, 6450.53369140625, 6458.15673828125, 6483.26171875, 6452.5244140625, 6381.83935546875, 6372.880859375, 6402.40185546875, 6419.4765625, 6445.279296875, 6481.53662109375, 6429.94580078125, 6435.55322265625, 6426.61376953125, 6459.5439453125, 6478.82373046875, 6510.240234375, 6493.55615234375, 6438.68359375, 6438.38916015625, 6480.560546875, 6499.6533203125, 6499.173828125, 6449.87109375, 6416.17529296875, 6399.669921875, 6343.66259765625, 6364.18994140625, 6419.0380859375, 6454.158203125, 6472.572265625, 6454.80029296875, 6443.29052734375, 6457.0224609375, 6450.3037109375, 6483.50732421875, 6550.048828125, 6601.302734375, 6615.1005859375, 6606.943359375, 6601.85986328125, 6590.58837890625, 6619.9453125, 6574.2900390625, 6605.7734375, 6556.23876953125, 6543.59228515625, 6577.61328125, 6594.19482421875, 6649.923828125, 6643.73388671875, 6661.65234375, 6578.68701171875, 6566.345703125, 6613.11083984375, 6669.744140625, 6674.796875, 6666.08935546875, 6677.1845703125, 6659.89990234375, 6688.28857421875, 6693.3603515625, 6659.50927734375, 6673.1298828125, 6715.43701171875, 6685.67626953125, 6653.39697265625, 6655.35498046875, 6680.56591796875, 6725.56396484375, 6712.0908203125, 6676.3330078125, 6729.009765625, 6732.0908203125, 6692.29296875, 6695.5048828125, 6705.7890625, 6721.453125, 6752.0087890625, 6769.3984375, 6783.48486328125, 6842.22802734375, 6784.39404296875, 6859.56005859375, 6874.39453125, 6883.19091796875, 6845.3974609375, 6824.18505859375, 6802.35498046875, 6774.1748046875, 6737.34326171875, 6767.32861328125, 6793.70263671875, 6833.32177734375, 6825.1748046875, 6808.36962890625, 6791.6494140625, 6829.0390625, 6849.6845703125, 6793.02001953125, 6790.69873046875, 6811.07421875, 6837.4765625, 6778.71826171875, 6726.462890625, 6715.462890625, 6729.16162109375, 6733.14892578125, 6712.525390625, 6769.68408203125, 6767.32763671875, 6742.49462890625, 6727.861328125, 6667.77490234375, 6631.69775390625, 6626.9306640625, 6661.5703125, 6633.1728515625, 6630.2236328125, 6625.3388671875, 6592.6982421875, 6588.85693359375, 6584.0908203125, 6575.73291015625, 6570.2724609375, 6593.43310546875, 6600.87451171875, 6653.9697265625, 6614.185546875, 6625.4599609375, 6597.55224609375, 6606.251953125, 6603.712890625, 6612.6142578125, 6644.62158203125, 6628.39111328125, 6607.546875, 6568.646484375, 6592.54833984375, 6632.36083984375, 6672.17431640625, 6715.89501953125, 6696.17333984375, 6706.55712890625, 6713.4775390625, 6701.044921875, 6708.6982421875, 6712.2802734375, 6698.302734375, 6681.126953125, 6763.34033203125, 6806.3046875, 6804.87353515625, 6844.7392578125, 6842.82861328125, 6854.0927734375, 6821.58349609375, 6829.138671875, 6848.57763671875, 6836.3017578125, 6869.2294921875, 6919.416015625, 6923.580078125, 6938.80224609375, 6888.2099609375, 6811.083984375, 6856.08349609375, 6874.00341796875, 6947.8955078125, 6886.33544921875, 6879.16064453125, 6895.658203125, 6837.08544921875, 6788.46630859375, 6826.4326171875, 6750.69140625, 6753.49658203125, 6807.16943359375, 6839.271484375, 6846.50537109375, 6843.21923828125, 6797.912109375, 6745.69677734375, 6782.21044921875, 6826.06787109375, 6873.33349609375, 6900.4169921875, 6901.7099609375, 6908.85791015625, 6884.9140625, 6861.78271484375, 6905.62060546875, 6980.919921875, 7024.08984375, 7033.85888671875, 7039.54931640625, 6953.09423828125, 6958.75048828125, 6977.16748046875, 6968.25146484375, 6968.14453125, 6977.8564453125, 6945.57177734375, 6945.04833984375, 6971.82275390625, 6997.02197265625, 6979.48291015625],